"","metric_number","friendlyName_with_dimensions"
"1","m_1","netdata:FJBxy1EZ0H:aMPWuy3r7X:xBAQsS841m_system_softirqs_softirqs_persec_average{chart='system.softirqs',dimension='NET_RX',family='softirqs',instance='[fceb:1d4:a0c0:4023:37a8:39a0:8277:e8a0]:19999',job='netdata'}"
"2","m_2","netdata:FJBxy1EZ0H:aMPWuy3r7X:xBAQsS841m_system_softirqs_softirqs_persec_average{chart='system.softirqs',dimension='NET_TX',family='softirqs',instance='[fceb:1d4:a0c0:4023:37a8:39a0:8277:e8a0]:19999',job='netdata'}"
"3","m_3","netdata:FJBxy1EZ0H:aMPWuy3r7X:xBAQsS841m_system_softirqs_softirqs_persec_average{chart='system.softirqs',dimension='RCU',family='softirqs',instance='[fceb:1d4:a0c0:4023:37a8:39a0:8277:e8a0]:19999',job='netdata'}"
"4","m_4","netdata:FJBxy1EZ0H:aMPWuy3r7X:xBAQsS841m_system_softirqs_softirqs_persec_average{chart='system.softirqs',dimension='TIMER',family='softirqs',instance='[fceb:1d4:a0c0:4023:37a8:39a0:8277:e8a0]:19999',job='netdata'}"
"5","m_5","netdata:FJBxy1EZ0H:aMPWuy3r7X:xBAQsS841m_system_load_load_average{chart='system.load',dimension='load1',family='load',instance='[fceb:1d4:a0c0:4023:37a8:39a0:8277:e8a0]:19999',job='netdata'}"
"6","m_6","netdata:FJBxy1EZ0H:aMPWuy3r7X:xBAQsS841m_system_load_load_average{chart='system.load',dimension='load15',family='load',instance='[fceb:1d4:a0c0:4023:37a8:39a0:8277:e8a0]:19999',job='netdata'}"
"7","m_7","netdata:FJBxy1EZ0H:aMPWuy3r7X:xBAQsS841m_system_load_load_average{chart='system.load',dimension='load5',family='load',instance='[fceb:1d4:a0c0:4023:37a8:39a0:8277:e8a0]:19999',job='netdata'}"
"8","m_8","netdata:FJBxy1EZ0H:aMPWuy3r7X:xBAQsS841m_system_ipv4_kilobits_persec_average{chart='system.ipv4',dimension='received',family='network',instance='[fceb:1d4:a0c0:4023:37a8:39a0:8277:e8a0]:19999',job='netdata'}"
"9","m_9","netdata:FJBxy1EZ0H:aMPWuy3r7X:xBAQsS841m_system_ipv4_kilobits_persec_average{chart='system.ipv4',dimension='sent',family='network',instance='[fceb:1d4:a0c0:4023:37a8:39a0:8277:e8a0]:19999',job='netdata'}"
"10","m_10","netdata:FJBxy1EZ0H:aMPWuy3r7X:xBAQsS841m_net_packets_packets_persec_average{chart='net_packets.docker0',dimension='received',family='docker0',instance='[fceb:1d4:a0c0:4023:37a8:39a0:8277:e8a0]:19999',job='netdata'}"
"11","m_11","netdata:FJBxy1EZ0H:aMPWuy3r7X:xBAQsS841m_net_packets_packets_persec_average{chart='net_packets.docker0',dimension='sent',family='docker0',instance='[fceb:1d4:a0c0:4023:37a8:39a0:8277:e8a0]:19999',job='netdata'}"
"12","m_12","netdata:FJBxy1EZ0H:aMPWuy3r7X:xBAQsS841m_net_packets_packets_persec_average{chart='net_packets.ens3',dimension='received',family='ens3',instance='[fceb:1d4:a0c0:4023:37a8:39a0:8277:e8a0]:19999',job='netdata'}"
"13","m_13","netdata:FJBxy1EZ0H:aMPWuy3r7X:xBAQsS841m_net_packets_packets_persec_average{chart='net_packets.ens3',dimension='sent',family='ens3',instance='[fceb:1d4:a0c0:4023:37a8:39a0:8277:e8a0]:19999',job='netdata'}"
"14","m_14","netdata:FJBxy1EZ0H:aMPWuy3r7X:xBAQsS841m_net_packets_packets_persec_average{chart='net_packets.tun0',dimension='received',family='tun0',instance='[fceb:1d4:a0c0:4023:37a8:39a0:8277:e8a0]:19999',job='netdata'}"
"15","m_15","netdata:FJBxy1EZ0H:aMPWuy3r7X:xBAQsS841m_net_packets_packets_persec_average{chart='net_packets.tun0',dimension='sent',family='tun0',instance='[fceb:1d4:a0c0:4023:37a8:39a0:8277:e8a0]:19999',job='netdata'}"
"16","m_16","netdata:FJBxy1EZ0H:aMPWuy3r7X:xBAQsS841m_system_interrupts_interrupts_persec_average{chart='system.interrupts',dimension='LOC',family='interrupts',instance='[fceb:1d4:a0c0:4023:37a8:39a0:8277:e8a0]:19999',job='netdata'}"
"17","m_17","netdata:FJBxy1EZ0H:aMPWuy3r7X:xBAQsS841m_system_interrupts_interrupts_persec_average{chart='system.interrupts',dimension='MCP',family='interrupts',instance='[fceb:1d4:a0c0:4023:37a8:39a0:8277:e8a0]:19999',job='netdata'}"
"18","m_18","netdata:FJBxy1EZ0H:aMPWuy3r7X:xBAQsS841m_system_interrupts_interrupts_persec_average{chart='system.interrupts',dimension='ens3_11',family='interrupts',instance='[fceb:1d4:a0c0:4023:37a8:39a0:8277:e8a0]:19999',job='netdata'}"
"19","m_19","netdata:FJBxy1EZ0H:aMPWuy3r7X:xBAQsS841m_system_interrupts_interrupts_persec_average{chart='system.interrupts',dimension='virtio0-req.0_25',family='interrupts',instance='[fceb:1d4:a0c0:4023:37a8:39a0:8277:e8a0]:19999',job='netdata'}"
"20","m_20","netdata:FJBxy1EZ0H:aMPWuy3r7X:xBAQsS841m_system_io_kilobytes_persec_average{chart='system.io',dimension='out',family='disk',instance='[fceb:1d4:a0c0:4023:37a8:39a0:8277:e8a0]:19999',job='netdata'}"
"21","m_21","netdata:FJBxy1EZ0H:aMPWuy3r7X:xBAQsS841m_system_cpu_percentage_average{chart='system.cpu',dimension='idle',family='cpu',instance='[fceb:1d4:a0c0:4023:37a8:39a0:8277:e8a0]:19999',job='netdata'}"
"22","m_22","netdata:FJBxy1EZ0H:aMPWuy3r7X:xBAQsS841m_system_cpu_percentage_average{chart='system.cpu',dimension='iowait',family='cpu',instance='[fceb:1d4:a0c0:4023:37a8:39a0:8277:e8a0]:19999',job='netdata'}"
"23","m_23","netdata:FJBxy1EZ0H:aMPWuy3r7X:xBAQsS841m_system_cpu_percentage_average{chart='system.cpu',dimension='nice',family='cpu',instance='[fceb:1d4:a0c0:4023:37a8:39a0:8277:e8a0]:19999',job='netdata'}"
"24","m_24","netdata:FJBxy1EZ0H:aMPWuy3r7X:xBAQsS841m_system_cpu_percentage_average{chart='system.cpu',dimension='softirq',family='cpu',instance='[fceb:1d4:a0c0:4023:37a8:39a0:8277:e8a0]:19999',job='netdata'}"
"25","m_25","netdata:FJBxy1EZ0H:aMPWuy3r7X:xBAQsS841m_system_cpu_percentage_average{chart='system.cpu',dimension='steal',family='cpu',instance='[fceb:1d4:a0c0:4023:37a8:39a0:8277:e8a0]:19999',job='netdata'}"
"26","m_26","netdata:FJBxy1EZ0H:aMPWuy3r7X:xBAQsS841m_system_cpu_percentage_average{chart='system.cpu',dimension='system',family='cpu',instance='[fceb:1d4:a0c0:4023:37a8:39a0:8277:e8a0]:19999',job='netdata'}"
"27","m_27","netdata:FJBxy1EZ0H:aMPWuy3r7X:xBAQsS841m_system_cpu_percentage_average{chart='system.cpu',dimension='user',family='cpu',instance='[fceb:1d4:a0c0:4023:37a8:39a0:8277:e8a0]:19999',job='netdata'}"
"28","m_28","netdata:FJBxy1EZ0H:aMPWuy3r7X:xBAQsS841m_system_ram_MB_average{chart='system.ram',dimension='buffers',family='ram',instance='[fceb:1d4:a0c0:4023:37a8:39a0:8277:e8a0]:19999',job='netdata'}"
"29","m_29","netdata:FJBxy1EZ0H:aMPWuy3r7X:xBAQsS841m_system_ram_MB_average{chart='system.ram',dimension='cached',family='ram',instance='[fceb:1d4:a0c0:4023:37a8:39a0:8277:e8a0]:19999',job='netdata'}"
"30","m_30","netdata:FJBxy1EZ0H:aMPWuy3r7X:xBAQsS841m_system_ram_MB_average{chart='system.ram',dimension='free',family='ram',instance='[fceb:1d4:a0c0:4023:37a8:39a0:8277:e8a0]:19999',job='netdata'}"
"31","m_31","netdata:FJBxy1EZ0H:aMPWuy3r7X:xBAQsS841m_system_ram_MB_average{chart='system.ram',dimension='used',family='ram',instance='[fceb:1d4:a0c0:4023:37a8:39a0:8277:e8a0]:19999',job='netdata'}"
"32","m_32","netdata:FJBxy1EZ0H:aMPWuy3r7X:xBAQsS841m_mem_available_MB_average{chart='mem.available',dimension='avail',family='system',instance='[fceb:1d4:a0c0:4023:37a8:39a0:8277:e8a0]:19999',job='netdata'}"
"33","m_33","netdata:FJBxy1EZ0H:aMPWuy3r7X:xBAQsS841m_groups_cpu_cpu_time___average{chart='groups.cpu',dimension='docker',family='cpu',instance='[fceb:1d4:a0c0:4023:37a8:39a0:8277:e8a0]:19999',job='netdata'}"
"34","m_34","netdata:FJBxy1EZ0H:aMPWuy3r7X:xBAQsS841m_groups_cpu_cpu_time___average{chart='groups.cpu',dimension='netdata',family='cpu',instance='[fceb:1d4:a0c0:4023:37a8:39a0:8277:e8a0]:19999',job='netdata'}"
"35","m_35","netdata:FJBxy1EZ0H:aMPWuy3r7X:xBAQsS841m_groups_cpu_cpu_time___average{chart='groups.cpu',dimension='nogroup',family='cpu',instance='[fceb:1d4:a0c0:4023:37a8:39a0:8277:e8a0]:19999',job='netdata'}"
"36","m_36","netdata:FJBxy1EZ0H:aMPWuy3r7X:xBAQsS841m_groups_cpu_cpu_time___average{chart='groups.cpu',dimension='root',family='cpu',instance='[fceb:1d4:a0c0:4023:37a8:39a0:8277:e8a0]:19999',job='netdata'}"
"37","m_37","netdata:FJBxy1EZ0H:aMPWuy3r7X:LkE6HmCt6T_system_softirqs_softirqs_persec_average{chart='system.softirqs',dimension='NET_RX',family='softirqs',instance='[fcab:62ec:3b7:fa0e:b159:35cc:8a00:325d]:19999',job='netdata'}"
"38","m_38","netdata:FJBxy1EZ0H:aMPWuy3r7X:LkE6HmCt6T_system_softirqs_softirqs_persec_average{chart='system.softirqs',dimension='NET_TX',family='softirqs',instance='[fcab:62ec:3b7:fa0e:b159:35cc:8a00:325d]:19999',job='netdata'}"
"39","m_39","netdata:FJBxy1EZ0H:aMPWuy3r7X:LkE6HmCt6T_system_softirqs_softirqs_persec_average{chart='system.softirqs',dimension='RCU',family='softirqs',instance='[fcab:62ec:3b7:fa0e:b159:35cc:8a00:325d]:19999',job='netdata'}"
"40","m_40","netdata:FJBxy1EZ0H:aMPWuy3r7X:LkE6HmCt6T_system_softirqs_softirqs_persec_average{chart='system.softirqs',dimension='TIMER',family='softirqs',instance='[fcab:62ec:3b7:fa0e:b159:35cc:8a00:325d]:19999',job='netdata'}"
"41","m_41","netdata:FJBxy1EZ0H:aMPWuy3r7X:LkE6HmCt6T_system_load_load_average{chart='system.load',dimension='load1',family='load',instance='[fcab:62ec:3b7:fa0e:b159:35cc:8a00:325d]:19999',job='netdata'}"
"42","m_42","netdata:FJBxy1EZ0H:aMPWuy3r7X:LkE6HmCt6T_system_load_load_average{chart='system.load',dimension='load15',family='load',instance='[fcab:62ec:3b7:fa0e:b159:35cc:8a00:325d]:19999',job='netdata'}"
"43","m_43","netdata:FJBxy1EZ0H:aMPWuy3r7X:LkE6HmCt6T_system_load_load_average{chart='system.load',dimension='load5',family='load',instance='[fcab:62ec:3b7:fa0e:b159:35cc:8a00:325d]:19999',job='netdata'}"
"44","m_44","netdata:FJBxy1EZ0H:aMPWuy3r7X:LkE6HmCt6T_system_ipv4_kilobits_persec_average{chart='system.ipv4',dimension='received',family='network',instance='[fcab:62ec:3b7:fa0e:b159:35cc:8a00:325d]:19999',job='netdata'}"
"45","m_45","netdata:FJBxy1EZ0H:aMPWuy3r7X:LkE6HmCt6T_system_ipv4_kilobits_persec_average{chart='system.ipv4',dimension='sent',family='network',instance='[fcab:62ec:3b7:fa0e:b159:35cc:8a00:325d]:19999',job='netdata'}"
"46","m_46","netdata:FJBxy1EZ0H:aMPWuy3r7X:LkE6HmCt6T_net_packets_packets_persec_average{chart='net_packets.docker0',dimension='sent',family='docker0',instance='[fcab:62ec:3b7:fa0e:b159:35cc:8a00:325d]:19999',job='netdata'}"
"47","m_47","netdata:FJBxy1EZ0H:aMPWuy3r7X:LkE6HmCt6T_net_packets_packets_persec_average{chart='net_packets.ens3',dimension='received',family='ens3',instance='[fcab:62ec:3b7:fa0e:b159:35cc:8a00:325d]:19999',job='netdata'}"
"48","m_48","netdata:FJBxy1EZ0H:aMPWuy3r7X:LkE6HmCt6T_net_packets_packets_persec_average{chart='net_packets.ens3',dimension='sent',family='ens3',instance='[fcab:62ec:3b7:fa0e:b159:35cc:8a00:325d]:19999',job='netdata'}"
"49","m_49","netdata:FJBxy1EZ0H:aMPWuy3r7X:LkE6HmCt6T_net_packets_packets_persec_average{chart='net_packets.tun0',dimension='received',family='tun0',instance='[fcab:62ec:3b7:fa0e:b159:35cc:8a00:325d]:19999',job='netdata'}"
"50","m_50","netdata:FJBxy1EZ0H:aMPWuy3r7X:LkE6HmCt6T_net_packets_packets_persec_average{chart='net_packets.tun0',dimension='sent',family='tun0',instance='[fcab:62ec:3b7:fa0e:b159:35cc:8a00:325d]:19999',job='netdata'}"
"51","m_51","netdata:FJBxy1EZ0H:aMPWuy3r7X:LkE6HmCt6T_system_interrupts_interrupts_persec_average{chart='system.interrupts',dimension='LOC',family='interrupts',instance='[fcab:62ec:3b7:fa0e:b159:35cc:8a00:325d]:19999',job='netdata'}"
"52","m_52","netdata:FJBxy1EZ0H:aMPWuy3r7X:LkE6HmCt6T_system_interrupts_interrupts_persec_average{chart='system.interrupts',dimension='MCP',family='interrupts',instance='[fcab:62ec:3b7:fa0e:b159:35cc:8a00:325d]:19999',job='netdata'}"
"53","m_53","netdata:FJBxy1EZ0H:aMPWuy3r7X:LkE6HmCt6T_system_interrupts_interrupts_persec_average{chart='system.interrupts',dimension='ens3_11',family='interrupts',instance='[fcab:62ec:3b7:fa0e:b159:35cc:8a00:325d]:19999',job='netdata'}"
"54","m_54","netdata:FJBxy1EZ0H:aMPWuy3r7X:LkE6HmCt6T_system_interrupts_interrupts_persec_average{chart='system.interrupts',dimension='virtio0-req.0_25',family='interrupts',instance='[fcab:62ec:3b7:fa0e:b159:35cc:8a00:325d]:19999',job='netdata'}"
"55","m_55","netdata:FJBxy1EZ0H:aMPWuy3r7X:LkE6HmCt6T_system_io_kilobytes_persec_average{chart='system.io',dimension='out',family='disk',instance='[fcab:62ec:3b7:fa0e:b159:35cc:8a00:325d]:19999',job='netdata'}"
"56","m_56","netdata:FJBxy1EZ0H:aMPWuy3r7X:LkE6HmCt6T_system_cpu_percentage_average{chart='system.cpu',dimension='idle',family='cpu',instance='[fcab:62ec:3b7:fa0e:b159:35cc:8a00:325d]:19999',job='netdata'}"
"57","m_57","netdata:FJBxy1EZ0H:aMPWuy3r7X:LkE6HmCt6T_system_cpu_percentage_average{chart='system.cpu',dimension='iowait',family='cpu',instance='[fcab:62ec:3b7:fa0e:b159:35cc:8a00:325d]:19999',job='netdata'}"
"58","m_58","netdata:FJBxy1EZ0H:aMPWuy3r7X:LkE6HmCt6T_system_cpu_percentage_average{chart='system.cpu',dimension='nice',family='cpu',instance='[fcab:62ec:3b7:fa0e:b159:35cc:8a00:325d]:19999',job='netdata'}"
"59","m_59","netdata:FJBxy1EZ0H:aMPWuy3r7X:LkE6HmCt6T_system_cpu_percentage_average{chart='system.cpu',dimension='softirq',family='cpu',instance='[fcab:62ec:3b7:fa0e:b159:35cc:8a00:325d]:19999',job='netdata'}"
"60","m_60","netdata:FJBxy1EZ0H:aMPWuy3r7X:LkE6HmCt6T_system_cpu_percentage_average{chart='system.cpu',dimension='steal',family='cpu',instance='[fcab:62ec:3b7:fa0e:b159:35cc:8a00:325d]:19999',job='netdata'}"
"61","m_61","netdata:FJBxy1EZ0H:aMPWuy3r7X:LkE6HmCt6T_system_cpu_percentage_average{chart='system.cpu',dimension='system',family='cpu',instance='[fcab:62ec:3b7:fa0e:b159:35cc:8a00:325d]:19999',job='netdata'}"
"62","m_62","netdata:FJBxy1EZ0H:aMPWuy3r7X:LkE6HmCt6T_system_cpu_percentage_average{chart='system.cpu',dimension='user',family='cpu',instance='[fcab:62ec:3b7:fa0e:b159:35cc:8a00:325d]:19999',job='netdata'}"
"63","m_63","netdata:FJBxy1EZ0H:aMPWuy3r7X:LkE6HmCt6T_system_ram_MB_average{chart='system.ram',dimension='buffers',family='ram',instance='[fcab:62ec:3b7:fa0e:b159:35cc:8a00:325d]:19999',job='netdata'}"
"64","m_64","netdata:FJBxy1EZ0H:aMPWuy3r7X:LkE6HmCt6T_system_ram_MB_average{chart='system.ram',dimension='cached',family='ram',instance='[fcab:62ec:3b7:fa0e:b159:35cc:8a00:325d]:19999',job='netdata'}"
"65","m_65","netdata:FJBxy1EZ0H:aMPWuy3r7X:LkE6HmCt6T_system_ram_MB_average{chart='system.ram',dimension='free',family='ram',instance='[fcab:62ec:3b7:fa0e:b159:35cc:8a00:325d]:19999',job='netdata'}"
"66","m_66","netdata:FJBxy1EZ0H:aMPWuy3r7X:LkE6HmCt6T_system_ram_MB_average{chart='system.ram',dimension='used',family='ram',instance='[fcab:62ec:3b7:fa0e:b159:35cc:8a00:325d]:19999',job='netdata'}"
"67","m_67","netdata:FJBxy1EZ0H:aMPWuy3r7X:LkE6HmCt6T_mem_available_MB_average{chart='mem.available',dimension='avail',family='system',instance='[fcab:62ec:3b7:fa0e:b159:35cc:8a00:325d]:19999',job='netdata'}"
"68","m_68","netdata:FJBxy1EZ0H:aMPWuy3r7X:LkE6HmCt6T_groups_cpu_cpu_time___average{chart='groups.cpu',dimension='netdata',family='cpu',instance='[fcab:62ec:3b7:fa0e:b159:35cc:8a00:325d]:19999',job='netdata'}"
"69","m_69","netdata:FJBxy1EZ0H:aMPWuy3r7X:LkE6HmCt6T_groups_cpu_cpu_time___average{chart='groups.cpu',dimension='nogroup',family='cpu',instance='[fcab:62ec:3b7:fa0e:b159:35cc:8a00:325d]:19999',job='netdata'}"
"70","m_70","netdata:FJBxy1EZ0H:aMPWuy3r7X:LkE6HmCt6T_groups_cpu_cpu_time___average{chart='groups.cpu',dimension='root',family='cpu',instance='[fcab:62ec:3b7:fa0e:b159:35cc:8a00:325d]:19999',job='netdata'}"
"71","m_71","netdata:FJBxy1EZ0H:aMPWuy3r7X:Psf7GLeHbp_system_softirqs_softirqs_persec_average{chart='system.softirqs',dimension='NET_RX',family='softirqs',instance='[fcab:b27:3ae3:4bb7:b928:4748:d3f3:c308]:19999',job='netdata'}"
"72","m_72","netdata:FJBxy1EZ0H:aMPWuy3r7X:Psf7GLeHbp_system_softirqs_softirqs_persec_average{chart='system.softirqs',dimension='NET_TX',family='softirqs',instance='[fcab:b27:3ae3:4bb7:b928:4748:d3f3:c308]:19999',job='netdata'}"
"73","m_73","netdata:FJBxy1EZ0H:aMPWuy3r7X:Psf7GLeHbp_system_softirqs_softirqs_persec_average{chart='system.softirqs',dimension='RCU',family='softirqs',instance='[fcab:b27:3ae3:4bb7:b928:4748:d3f3:c308]:19999',job='netdata'}"
"74","m_74","netdata:FJBxy1EZ0H:aMPWuy3r7X:Psf7GLeHbp_system_softirqs_softirqs_persec_average{chart='system.softirqs',dimension='TIMER',family='softirqs',instance='[fcab:b27:3ae3:4bb7:b928:4748:d3f3:c308]:19999',job='netdata'}"
"75","m_75","netdata:FJBxy1EZ0H:aMPWuy3r7X:Psf7GLeHbp_system_load_load_average{chart='system.load',dimension='load1',family='load',instance='[fcab:b27:3ae3:4bb7:b928:4748:d3f3:c308]:19999',job='netdata'}"
"76","m_76","netdata:FJBxy1EZ0H:aMPWuy3r7X:Psf7GLeHbp_system_load_load_average{chart='system.load',dimension='load15',family='load',instance='[fcab:b27:3ae3:4bb7:b928:4748:d3f3:c308]:19999',job='netdata'}"
"77","m_77","netdata:FJBxy1EZ0H:aMPWuy3r7X:Psf7GLeHbp_system_load_load_average{chart='system.load',dimension='load5',family='load',instance='[fcab:b27:3ae3:4bb7:b928:4748:d3f3:c308]:19999',job='netdata'}"
"78","m_78","netdata:FJBxy1EZ0H:aMPWuy3r7X:Psf7GLeHbp_system_ipv4_kilobits_persec_average{chart='system.ipv4',dimension='received',family='network',instance='[fcab:b27:3ae3:4bb7:b928:4748:d3f3:c308]:19999',job='netdata'}"
"79","m_79","netdata:FJBxy1EZ0H:aMPWuy3r7X:Psf7GLeHbp_system_ipv4_kilobits_persec_average{chart='system.ipv4',dimension='sent',family='network',instance='[fcab:b27:3ae3:4bb7:b928:4748:d3f3:c308]:19999',job='netdata'}"
"80","m_80","netdata:FJBxy1EZ0H:aMPWuy3r7X:Psf7GLeHbp_net_packets_packets_persec_average{chart='net_packets.docker0',dimension='received',family='docker0',instance='[fcab:b27:3ae3:4bb7:b928:4748:d3f3:c308]:19999',job='netdata'}"
"81","m_81","netdata:FJBxy1EZ0H:aMPWuy3r7X:Psf7GLeHbp_net_packets_packets_persec_average{chart='net_packets.docker0',dimension='sent',family='docker0',instance='[fcab:b27:3ae3:4bb7:b928:4748:d3f3:c308]:19999',job='netdata'}"
"82","m_82","netdata:FJBxy1EZ0H:aMPWuy3r7X:Psf7GLeHbp_net_packets_packets_persec_average{chart='net_packets.ens3',dimension='received',family='ens3',instance='[fcab:b27:3ae3:4bb7:b928:4748:d3f3:c308]:19999',job='netdata'}"
"83","m_83","netdata:FJBxy1EZ0H:aMPWuy3r7X:Psf7GLeHbp_net_packets_packets_persec_average{chart='net_packets.ens3',dimension='sent',family='ens3',instance='[fcab:b27:3ae3:4bb7:b928:4748:d3f3:c308]:19999',job='netdata'}"
"84","m_84","netdata:FJBxy1EZ0H:aMPWuy3r7X:Psf7GLeHbp_net_packets_packets_persec_average{chart='net_packets.tun0',dimension='received',family='tun0',instance='[fcab:b27:3ae3:4bb7:b928:4748:d3f3:c308]:19999',job='netdata'}"
"85","m_85","netdata:FJBxy1EZ0H:aMPWuy3r7X:Psf7GLeHbp_net_packets_packets_persec_average{chart='net_packets.tun0',dimension='sent',family='tun0',instance='[fcab:b27:3ae3:4bb7:b928:4748:d3f3:c308]:19999',job='netdata'}"
"86","m_86","netdata:FJBxy1EZ0H:aMPWuy3r7X:Psf7GLeHbp_system_interrupts_interrupts_persec_average{chart='system.interrupts',dimension='LOC',family='interrupts',instance='[fcab:b27:3ae3:4bb7:b928:4748:d3f3:c308]:19999',job='netdata'}"
"87","m_87","netdata:FJBxy1EZ0H:aMPWuy3r7X:Psf7GLeHbp_system_interrupts_interrupts_persec_average{chart='system.interrupts',dimension='MCP',family='interrupts',instance='[fcab:b27:3ae3:4bb7:b928:4748:d3f3:c308]:19999',job='netdata'}"
"88","m_88","netdata:FJBxy1EZ0H:aMPWuy3r7X:Psf7GLeHbp_system_interrupts_interrupts_persec_average{chart='system.interrupts',dimension='ens3_11',family='interrupts',instance='[fcab:b27:3ae3:4bb7:b928:4748:d3f3:c308]:19999',job='netdata'}"
"89","m_89","netdata:FJBxy1EZ0H:aMPWuy3r7X:Psf7GLeHbp_system_interrupts_interrupts_persec_average{chart='system.interrupts',dimension='virtio0-req.0_25',family='interrupts',instance='[fcab:b27:3ae3:4bb7:b928:4748:d3f3:c308]:19999',job='netdata'}"
"90","m_90","netdata:FJBxy1EZ0H:aMPWuy3r7X:Psf7GLeHbp_system_io_kilobytes_persec_average{chart='system.io',dimension='out',family='disk',instance='[fcab:b27:3ae3:4bb7:b928:4748:d3f3:c308]:19999',job='netdata'}"
"91","m_91","netdata:FJBxy1EZ0H:aMPWuy3r7X:Psf7GLeHbp_system_cpu_percentage_average{chart='system.cpu',dimension='idle',family='cpu',instance='[fcab:b27:3ae3:4bb7:b928:4748:d3f3:c308]:19999',job='netdata'}"
"92","m_92","netdata:FJBxy1EZ0H:aMPWuy3r7X:Psf7GLeHbp_system_cpu_percentage_average{chart='system.cpu',dimension='iowait',family='cpu',instance='[fcab:b27:3ae3:4bb7:b928:4748:d3f3:c308]:19999',job='netdata'}"
"93","m_93","netdata:FJBxy1EZ0H:aMPWuy3r7X:Psf7GLeHbp_system_cpu_percentage_average{chart='system.cpu',dimension='nice',family='cpu',instance='[fcab:b27:3ae3:4bb7:b928:4748:d3f3:c308]:19999',job='netdata'}"
"94","m_94","netdata:FJBxy1EZ0H:aMPWuy3r7X:Psf7GLeHbp_system_cpu_percentage_average{chart='system.cpu',dimension='softirq',family='cpu',instance='[fcab:b27:3ae3:4bb7:b928:4748:d3f3:c308]:19999',job='netdata'}"
"95","m_95","netdata:FJBxy1EZ0H:aMPWuy3r7X:Psf7GLeHbp_system_cpu_percentage_average{chart='system.cpu',dimension='steal',family='cpu',instance='[fcab:b27:3ae3:4bb7:b928:4748:d3f3:c308]:19999',job='netdata'}"
"96","m_96","netdata:FJBxy1EZ0H:aMPWuy3r7X:Psf7GLeHbp_system_cpu_percentage_average{chart='system.cpu',dimension='system',family='cpu',instance='[fcab:b27:3ae3:4bb7:b928:4748:d3f3:c308]:19999',job='netdata'}"
"97","m_97","netdata:FJBxy1EZ0H:aMPWuy3r7X:Psf7GLeHbp_system_cpu_percentage_average{chart='system.cpu',dimension='user',family='cpu',instance='[fcab:b27:3ae3:4bb7:b928:4748:d3f3:c308]:19999',job='netdata'}"
"98","m_98","netdata:FJBxy1EZ0H:aMPWuy3r7X:Psf7GLeHbp_system_ram_MB_average{chart='system.ram',dimension='buffers',family='ram',instance='[fcab:b27:3ae3:4bb7:b928:4748:d3f3:c308]:19999',job='netdata'}"
"99","m_99","netdata:FJBxy1EZ0H:aMPWuy3r7X:Psf7GLeHbp_system_ram_MB_average{chart='system.ram',dimension='cached',family='ram',instance='[fcab:b27:3ae3:4bb7:b928:4748:d3f3:c308]:19999',job='netdata'}"
"100","m_100","netdata:FJBxy1EZ0H:aMPWuy3r7X:Psf7GLeHbp_system_ram_MB_average{chart='system.ram',dimension='free',family='ram',instance='[fcab:b27:3ae3:4bb7:b928:4748:d3f3:c308]:19999',job='netdata'}"
"101","m_101","netdata:FJBxy1EZ0H:aMPWuy3r7X:Psf7GLeHbp_system_ram_MB_average{chart='system.ram',dimension='used',family='ram',instance='[fcab:b27:3ae3:4bb7:b928:4748:d3f3:c308]:19999',job='netdata'}"
"102","m_102","netdata:FJBxy1EZ0H:aMPWuy3r7X:Psf7GLeHbp_mem_available_MB_average{chart='mem.available',dimension='avail',family='system',instance='[fcab:b27:3ae3:4bb7:b928:4748:d3f3:c308]:19999',job='netdata'}"
"103","m_103","netdata:FJBxy1EZ0H:aMPWuy3r7X:Psf7GLeHbp_groups_cpu_cpu_time___average{chart='groups.cpu',dimension='netdata',family='cpu',instance='[fcab:b27:3ae3:4bb7:b928:4748:d3f3:c308]:19999',job='netdata'}"
"104","m_104","netdata:FJBxy1EZ0H:aMPWuy3r7X:Psf7GLeHbp_groups_cpu_cpu_time___average{chart='groups.cpu',dimension='nogroup',family='cpu',instance='[fcab:b27:3ae3:4bb7:b928:4748:d3f3:c308]:19999',job='netdata'}"
"105","m_105","netdata:FJBxy1EZ0H:aMPWuy3r7X:Psf7GLeHbp_groups_cpu_cpu_time___average{chart='groups.cpu',dimension='root',family='cpu',instance='[fcab:b27:3ae3:4bb7:b928:4748:d3f3:c308]:19999',job='netdata'}"
"106","m_106","netdata:FJBxy1EZ0H:aMPWuy3r7X:Psf7GLeHbp_groups_cpu_cpu_time___average{chart='groups.cpu',dimension='www-data',family='cpu',instance='[fcab:b27:3ae3:4bb7:b928:4748:d3f3:c308]:19999',job='netdata'}"
"107","m_107","netdata:FJBxy1EZ0H:aMPWuy3r7X:iPGg838Ds5_system_io_kilobytes_persec_average{chart='system.io',dimension='out',family='disk',instance='[fc8d:73d3:10ee:d1b3:539e:817a:5366:7ea9]:19999',job='netdata'}"
"108","m_108","netdata:FJBxy1EZ0H:aMPWuy3r7X:iPGg838Ds5_system_cpu_percentage_average{chart='system.cpu',dimension='idle',family='cpu',instance='[fc8d:73d3:10ee:d1b3:539e:817a:5366:7ea9]:19999',job='netdata'}"
"109","m_109","netdata:FJBxy1EZ0H:aMPWuy3r7X:iPGg838Ds5_system_cpu_percentage_average{chart='system.cpu',dimension='iowait',family='cpu',instance='[fc8d:73d3:10ee:d1b3:539e:817a:5366:7ea9]:19999',job='netdata'}"
"110","m_110","netdata:FJBxy1EZ0H:aMPWuy3r7X:iPGg838Ds5_system_cpu_percentage_average{chart='system.cpu',dimension='nice',family='cpu',instance='[fc8d:73d3:10ee:d1b3:539e:817a:5366:7ea9]:19999',job='netdata'}"
"111","m_111","netdata:FJBxy1EZ0H:aMPWuy3r7X:iPGg838Ds5_system_cpu_percentage_average{chart='system.cpu',dimension='softirq',family='cpu',instance='[fc8d:73d3:10ee:d1b3:539e:817a:5366:7ea9]:19999',job='netdata'}"
"112","m_112","netdata:FJBxy1EZ0H:aMPWuy3r7X:iPGg838Ds5_system_cpu_percentage_average{chart='system.cpu',dimension='steal',family='cpu',instance='[fc8d:73d3:10ee:d1b3:539e:817a:5366:7ea9]:19999',job='netdata'}"
"113","m_113","netdata:FJBxy1EZ0H:aMPWuy3r7X:iPGg838Ds5_system_cpu_percentage_average{chart='system.cpu',dimension='system',family='cpu',instance='[fc8d:73d3:10ee:d1b3:539e:817a:5366:7ea9]:19999',job='netdata'}"
"114","m_114","netdata:FJBxy1EZ0H:aMPWuy3r7X:iPGg838Ds5_system_cpu_percentage_average{chart='system.cpu',dimension='user',family='cpu',instance='[fc8d:73d3:10ee:d1b3:539e:817a:5366:7ea9]:19999',job='netdata'}"
"115","m_115","netdata:FJBxy1EZ0H:aMPWuy3r7X:iPGg838Ds5_system_ram_MB_average{chart='system.ram',dimension='buffers',family='ram',instance='[fc8d:73d3:10ee:d1b3:539e:817a:5366:7ea9]:19999',job='netdata'}"
"116","m_116","netdata:FJBxy1EZ0H:aMPWuy3r7X:iPGg838Ds5_system_ram_MB_average{chart='system.ram',dimension='cached',family='ram',instance='[fc8d:73d3:10ee:d1b3:539e:817a:5366:7ea9]:19999',job='netdata'}"
"117","m_117","netdata:FJBxy1EZ0H:aMPWuy3r7X:iPGg838Ds5_system_ram_MB_average{chart='system.ram',dimension='free',family='ram',instance='[fc8d:73d3:10ee:d1b3:539e:817a:5366:7ea9]:19999',job='netdata'}"
"118","m_118","netdata:FJBxy1EZ0H:aMPWuy3r7X:iPGg838Ds5_system_ram_MB_average{chart='system.ram',dimension='used',family='ram',instance='[fc8d:73d3:10ee:d1b3:539e:817a:5366:7ea9]:19999',job='netdata'}"
"119","m_119","netdata:FJBxy1EZ0H:aMPWuy3r7X:iPGg838Ds5_mem_available_MB_average{chart='mem.available',dimension='avail',family='system',instance='[fc8d:73d3:10ee:d1b3:539e:817a:5366:7ea9]:19999',job='netdata'}"
"120","m_120","netdata:FJBxy1EZ0H:aMPWuy3r7X:iPGg838Ds5_groups_cpu_cpu_time___average{chart='groups.cpu',dimension='netdata',family='cpu',instance='[fc8d:73d3:10ee:d1b3:539e:817a:5366:7ea9]:19999',job='netdata'}"
"121","m_121","netdata:FJBxy1EZ0H:aMPWuy3r7X:iPGg838Ds5_groups_cpu_cpu_time___average{chart='groups.cpu',dimension='nogroup',family='cpu',instance='[fc8d:73d3:10ee:d1b3:539e:817a:5366:7ea9]:19999',job='netdata'}"
"122","m_122","netdata:FJBxy1EZ0H:aMPWuy3r7X:iPGg838Ds5_groups_cpu_cpu_time___average{chart='groups.cpu',dimension='root',family='cpu',instance='[fc8d:73d3:10ee:d1b3:539e:817a:5366:7ea9]:19999',job='netdata'}"
"123","m_123","netdata:FJBxy1EZ0H:aMPWuy3r7X:iPGg838Ds5_net_packets_packets_persec_average{chart='net_packets.docker0',dimension='received',family='docker0',instance='[fc8d:73d3:10ee:d1b3:539e:817a:5366:7ea9]:19999',job='netdata'}"
"124","m_124","netdata:FJBxy1EZ0H:aMPWuy3r7X:iPGg838Ds5_net_packets_packets_persec_average{chart='net_packets.docker0',dimension='sent',family='docker0',instance='[fc8d:73d3:10ee:d1b3:539e:817a:5366:7ea9]:19999',job='netdata'}"
"125","m_125","netdata:FJBxy1EZ0H:aMPWuy3r7X:iPGg838Ds5_net_packets_packets_persec_average{chart='net_packets.ens3',dimension='received',family='ens3',instance='[fc8d:73d3:10ee:d1b3:539e:817a:5366:7ea9]:19999',job='netdata'}"
"126","m_126","netdata:FJBxy1EZ0H:aMPWuy3r7X:iPGg838Ds5_net_packets_packets_persec_average{chart='net_packets.ens3',dimension='sent',family='ens3',instance='[fc8d:73d3:10ee:d1b3:539e:817a:5366:7ea9]:19999',job='netdata'}"
"127","m_127","netdata:FJBxy1EZ0H:aMPWuy3r7X:iPGg838Ds5_net_packets_packets_persec_average{chart='net_packets.tun0',dimension='received',family='tun0',instance='[fc8d:73d3:10ee:d1b3:539e:817a:5366:7ea9]:19999',job='netdata'}"
"128","m_128","netdata:FJBxy1EZ0H:aMPWuy3r7X:iPGg838Ds5_net_packets_packets_persec_average{chart='net_packets.tun0',dimension='sent',family='tun0',instance='[fc8d:73d3:10ee:d1b3:539e:817a:5366:7ea9]:19999',job='netdata'}"
"129","m_129","netdata:FJBxy1EZ0H:aMPWuy3r7X:iPGg838Ds5_system_interrupts_interrupts_persec_average{chart='system.interrupts',dimension='LOC',family='interrupts',instance='[fc8d:73d3:10ee:d1b3:539e:817a:5366:7ea9]:19999',job='netdata'}"
"130","m_130","netdata:FJBxy1EZ0H:aMPWuy3r7X:iPGg838Ds5_system_interrupts_interrupts_persec_average{chart='system.interrupts',dimension='MCP',family='interrupts',instance='[fc8d:73d3:10ee:d1b3:539e:817a:5366:7ea9]:19999',job='netdata'}"
"131","m_131","netdata:FJBxy1EZ0H:aMPWuy3r7X:iPGg838Ds5_system_interrupts_interrupts_persec_average{chart='system.interrupts',dimension='ens3_11',family='interrupts',instance='[fc8d:73d3:10ee:d1b3:539e:817a:5366:7ea9]:19999',job='netdata'}"
"132","m_132","netdata:FJBxy1EZ0H:aMPWuy3r7X:iPGg838Ds5_system_interrupts_interrupts_persec_average{chart='system.interrupts',dimension='virtio0-req.0_25',family='interrupts',instance='[fc8d:73d3:10ee:d1b3:539e:817a:5366:7ea9]:19999',job='netdata'}"
"133","m_133","netdata:FJBxy1EZ0H:aMPWuy3r7X:iPGg838Ds5_system_softirqs_softirqs_persec_average{chart='system.softirqs',dimension='NET_RX',family='softirqs',instance='[fc8d:73d3:10ee:d1b3:539e:817a:5366:7ea9]:19999',job='netdata'}"
"134","m_134","netdata:FJBxy1EZ0H:aMPWuy3r7X:iPGg838Ds5_system_softirqs_softirqs_persec_average{chart='system.softirqs',dimension='NET_TX',family='softirqs',instance='[fc8d:73d3:10ee:d1b3:539e:817a:5366:7ea9]:19999',job='netdata'}"
"135","m_135","netdata:FJBxy1EZ0H:aMPWuy3r7X:iPGg838Ds5_system_softirqs_softirqs_persec_average{chart='system.softirqs',dimension='RCU',family='softirqs',instance='[fc8d:73d3:10ee:d1b3:539e:817a:5366:7ea9]:19999',job='netdata'}"
"136","m_136","netdata:FJBxy1EZ0H:aMPWuy3r7X:iPGg838Ds5_system_softirqs_softirqs_persec_average{chart='system.softirqs',dimension='TIMER',family='softirqs',instance='[fc8d:73d3:10ee:d1b3:539e:817a:5366:7ea9]:19999',job='netdata'}"
"137","m_137","netdata:FJBxy1EZ0H:aMPWuy3r7X:iPGg838Ds5_system_load_load_average{chart='system.load',dimension='load1',family='load',instance='[fc8d:73d3:10ee:d1b3:539e:817a:5366:7ea9]:19999',job='netdata'}"
"138","m_138","netdata:FJBxy1EZ0H:aMPWuy3r7X:iPGg838Ds5_system_load_load_average{chart='system.load',dimension='load15',family='load',instance='[fc8d:73d3:10ee:d1b3:539e:817a:5366:7ea9]:19999',job='netdata'}"
"139","m_139","netdata:FJBxy1EZ0H:aMPWuy3r7X:iPGg838Ds5_system_load_load_average{chart='system.load',dimension='load5',family='load',instance='[fc8d:73d3:10ee:d1b3:539e:817a:5366:7ea9]:19999',job='netdata'}"
"140","m_140","netdata:FJBxy1EZ0H:aMPWuy3r7X:iPGg838Ds5_system_ipv4_kilobits_persec_average{chart='system.ipv4',dimension='received',family='network',instance='[fc8d:73d3:10ee:d1b3:539e:817a:5366:7ea9]:19999',job='netdata'}"
"141","m_141","netdata:FJBxy1EZ0H:aMPWuy3r7X:iPGg838Ds5_system_ipv4_kilobits_persec_average{chart='system.ipv4',dimension='sent',family='network',instance='[fc8d:73d3:10ee:d1b3:539e:817a:5366:7ea9]:19999',job='netdata'}"
