"","name","friendlyName","dimensions","friendlyName_with_dimensions"
"1","netdata:tdud1VXRpP:fTkycV32Mu:PcQt5PVr8H_system_softirqs_softirqs_persec_average{chart='system.softirqs',dimension='BLOCK',family='softirqs',instance='[fc21:a7a4:3eee:4c6a:2760:25a7:dfaa:29e1]:19999',job='netdata'}","System softirqs (system.softirqs)","{chart='system.softirqs',dimension='BLOCK',family='softirqs',instance='[fc21:a7a4:3eee:4c6a:2760:25a7:dfaa:29e1]:19999',job='netdata'}","System softirqs (system.softirqs){chart='system.softirqs',dimension='BLOCK',family='softirqs',instance='[fc21:a7a4:3eee:4c6a:2760:25a7:dfaa:29e1]:19999',job='netdata'}"
"2","netdata:tdud1VXRpP:fTkycV32Mu:PcQt5PVr8H_system_softirqs_softirqs_persec_average{chart='system.softirqs',dimension='HI',family='softirqs',instance='[fc21:a7a4:3eee:4c6a:2760:25a7:dfaa:29e1]:19999',job='netdata'}","System softirqs (system.softirqs)","{chart='system.softirqs',dimension='HI',family='softirqs',instance='[fc21:a7a4:3eee:4c6a:2760:25a7:dfaa:29e1]:19999',job='netdata'}","System softirqs (system.softirqs){chart='system.softirqs',dimension='HI',family='softirqs',instance='[fc21:a7a4:3eee:4c6a:2760:25a7:dfaa:29e1]:19999',job='netdata'}"
"3","netdata:tdud1VXRpP:fTkycV32Mu:PcQt5PVr8H_system_softirqs_softirqs_persec_average{chart='system.softirqs',dimension='HRTIMER',family='softirqs',instance='[fc21:a7a4:3eee:4c6a:2760:25a7:dfaa:29e1]:19999',job='netdata'}","System softirqs (system.softirqs)","{chart='system.softirqs',dimension='HRTIMER',family='softirqs',instance='[fc21:a7a4:3eee:4c6a:2760:25a7:dfaa:29e1]:19999',job='netdata'}","System softirqs (system.softirqs){chart='system.softirqs',dimension='HRTIMER',family='softirqs',instance='[fc21:a7a4:3eee:4c6a:2760:25a7:dfaa:29e1]:19999',job='netdata'}"
"4","netdata:tdud1VXRpP:fTkycV32Mu:PcQt5PVr8H_system_softirqs_softirqs_persec_average{chart='system.softirqs',dimension='IRQ_POLL',family='softirqs',instance='[fc21:a7a4:3eee:4c6a:2760:25a7:dfaa:29e1]:19999',job='netdata'}","System softirqs (system.softirqs)","{chart='system.softirqs',dimension='IRQ_POLL',family='softirqs',instance='[fc21:a7a4:3eee:4c6a:2760:25a7:dfaa:29e1]:19999',job='netdata'}","System softirqs (system.softirqs){chart='system.softirqs',dimension='IRQ_POLL',family='softirqs',instance='[fc21:a7a4:3eee:4c6a:2760:25a7:dfaa:29e1]:19999',job='netdata'}"
"5","netdata:tdud1VXRpP:fTkycV32Mu:PcQt5PVr8H_system_softirqs_softirqs_persec_average{chart='system.softirqs',dimension='NET_RX',family='softirqs',instance='[fc21:a7a4:3eee:4c6a:2760:25a7:dfaa:29e1]:19999',job='netdata'}","System softirqs (system.softirqs)","{chart='system.softirqs',dimension='NET_RX',family='softirqs',instance='[fc21:a7a4:3eee:4c6a:2760:25a7:dfaa:29e1]:19999',job='netdata'}","System softirqs (system.softirqs){chart='system.softirqs',dimension='NET_RX',family='softirqs',instance='[fc21:a7a4:3eee:4c6a:2760:25a7:dfaa:29e1]:19999',job='netdata'}"
"6","netdata:tdud1VXRpP:fTkycV32Mu:PcQt5PVr8H_system_softirqs_softirqs_persec_average{chart='system.softirqs',dimension='NET_TX',family='softirqs',instance='[fc21:a7a4:3eee:4c6a:2760:25a7:dfaa:29e1]:19999',job='netdata'}","System softirqs (system.softirqs)","{chart='system.softirqs',dimension='NET_TX',family='softirqs',instance='[fc21:a7a4:3eee:4c6a:2760:25a7:dfaa:29e1]:19999',job='netdata'}","System softirqs (system.softirqs){chart='system.softirqs',dimension='NET_TX',family='softirqs',instance='[fc21:a7a4:3eee:4c6a:2760:25a7:dfaa:29e1]:19999',job='netdata'}"
"7","netdata:tdud1VXRpP:fTkycV32Mu:PcQt5PVr8H_system_softirqs_softirqs_persec_average{chart='system.softirqs',dimension='RCU',family='softirqs',instance='[fc21:a7a4:3eee:4c6a:2760:25a7:dfaa:29e1]:19999',job='netdata'}","System softirqs (system.softirqs)","{chart='system.softirqs',dimension='RCU',family='softirqs',instance='[fc21:a7a4:3eee:4c6a:2760:25a7:dfaa:29e1]:19999',job='netdata'}","System softirqs (system.softirqs){chart='system.softirqs',dimension='RCU',family='softirqs',instance='[fc21:a7a4:3eee:4c6a:2760:25a7:dfaa:29e1]:19999',job='netdata'}"
"8","netdata:tdud1VXRpP:fTkycV32Mu:PcQt5PVr8H_system_softirqs_softirqs_persec_average{chart='system.softirqs',dimension='SCHED',family='softirqs',instance='[fc21:a7a4:3eee:4c6a:2760:25a7:dfaa:29e1]:19999',job='netdata'}","System softirqs (system.softirqs)","{chart='system.softirqs',dimension='SCHED',family='softirqs',instance='[fc21:a7a4:3eee:4c6a:2760:25a7:dfaa:29e1]:19999',job='netdata'}","System softirqs (system.softirqs){chart='system.softirqs',dimension='SCHED',family='softirqs',instance='[fc21:a7a4:3eee:4c6a:2760:25a7:dfaa:29e1]:19999',job='netdata'}"
"9","netdata:tdud1VXRpP:fTkycV32Mu:PcQt5PVr8H_system_softirqs_softirqs_persec_average{chart='system.softirqs',dimension='TASKLET',family='softirqs',instance='[fc21:a7a4:3eee:4c6a:2760:25a7:dfaa:29e1]:19999',job='netdata'}","System softirqs (system.softirqs)","{chart='system.softirqs',dimension='TASKLET',family='softirqs',instance='[fc21:a7a4:3eee:4c6a:2760:25a7:dfaa:29e1]:19999',job='netdata'}","System softirqs (system.softirqs){chart='system.softirqs',dimension='TASKLET',family='softirqs',instance='[fc21:a7a4:3eee:4c6a:2760:25a7:dfaa:29e1]:19999',job='netdata'}"
"10","netdata:tdud1VXRpP:fTkycV32Mu:PcQt5PVr8H_system_softirqs_softirqs_persec_average{chart='system.softirqs',dimension='TIMER',family='softirqs',instance='[fc21:a7a4:3eee:4c6a:2760:25a7:dfaa:29e1]:19999',job='netdata'}","System softirqs (system.softirqs)","{chart='system.softirqs',dimension='TIMER',family='softirqs',instance='[fc21:a7a4:3eee:4c6a:2760:25a7:dfaa:29e1]:19999',job='netdata'}","System softirqs (system.softirqs){chart='system.softirqs',dimension='TIMER',family='softirqs',instance='[fc21:a7a4:3eee:4c6a:2760:25a7:dfaa:29e1]:19999',job='netdata'}"
"11","netdata:tdud1VXRpP:fTkycV32Mu:PcQt5PVr8H_system_load_load_average{chart='system.load',dimension='load1',family='load',instance='[fc21:a7a4:3eee:4c6a:2760:25a7:dfaa:29e1]:19999',job='netdata'}","System Load Average (system.load)","{chart='system.load',dimension='load1',family='load',instance='[fc21:a7a4:3eee:4c6a:2760:25a7:dfaa:29e1]:19999',job='netdata'}","System Load Average (system.load){chart='system.load',dimension='load1',family='load',instance='[fc21:a7a4:3eee:4c6a:2760:25a7:dfaa:29e1]:19999',job='netdata'}"
"12","netdata:tdud1VXRpP:fTkycV32Mu:PcQt5PVr8H_system_load_load_average{chart='system.load',dimension='load15',family='load',instance='[fc21:a7a4:3eee:4c6a:2760:25a7:dfaa:29e1]:19999',job='netdata'}","System Load Average (system.load)","{chart='system.load',dimension='load15',family='load',instance='[fc21:a7a4:3eee:4c6a:2760:25a7:dfaa:29e1]:19999',job='netdata'}","System Load Average (system.load){chart='system.load',dimension='load15',family='load',instance='[fc21:a7a4:3eee:4c6a:2760:25a7:dfaa:29e1]:19999',job='netdata'}"
"13","netdata:tdud1VXRpP:fTkycV32Mu:PcQt5PVr8H_system_load_load_average{chart='system.load',dimension='load5',family='load',instance='[fc21:a7a4:3eee:4c6a:2760:25a7:dfaa:29e1]:19999',job='netdata'}","System Load Average (system.load)","{chart='system.load',dimension='load5',family='load',instance='[fc21:a7a4:3eee:4c6a:2760:25a7:dfaa:29e1]:19999',job='netdata'}","System Load Average (system.load){chart='system.load',dimension='load5',family='load',instance='[fc21:a7a4:3eee:4c6a:2760:25a7:dfaa:29e1]:19999',job='netdata'}"
"14","netdata:tdud1VXRpP:fTkycV32Mu:PcQt5PVr8H_system_ipv4_kilobits_persec_average{chart='system.ipv4',dimension='received',family='network',instance='[fc21:a7a4:3eee:4c6a:2760:25a7:dfaa:29e1]:19999',job='netdata'}","IPv4 Bandwidth (system.ipv4)","{chart='system.ipv4',dimension='received',family='network',instance='[fc21:a7a4:3eee:4c6a:2760:25a7:dfaa:29e1]:19999',job='netdata'}","IPv4 Bandwidth (system.ipv4){chart='system.ipv4',dimension='received',family='network',instance='[fc21:a7a4:3eee:4c6a:2760:25a7:dfaa:29e1]:19999',job='netdata'}"
"15","netdata:tdud1VXRpP:fTkycV32Mu:PcQt5PVr8H_system_ipv4_kilobits_persec_average{chart='system.ipv4',dimension='sent',family='network',instance='[fc21:a7a4:3eee:4c6a:2760:25a7:dfaa:29e1]:19999',job='netdata'}","IPv4 Bandwidth (system.ipv4)","{chart='system.ipv4',dimension='sent',family='network',instance='[fc21:a7a4:3eee:4c6a:2760:25a7:dfaa:29e1]:19999',job='netdata'}","IPv4 Bandwidth (system.ipv4){chart='system.ipv4',dimension='sent',family='network',instance='[fc21:a7a4:3eee:4c6a:2760:25a7:dfaa:29e1]:19999',job='netdata'}"
"16","netdata:tdud1VXRpP:fTkycV32Mu:PcQt5PVr8H_net_packets_packets_persec_average{chart='cgroup_pcqt5pvr8h.net_packets_eth0',dimension='multicast',family='net eth0',instance='[fc21:a7a4:3eee:4c6a:2760:25a7:dfaa:29e1]:19999',job='netdata'}","Packets (net_packets.eth0)","{chart='cgroup_pcqt5pvr8h.net_packets_eth0',dimension='multicast',family='net eth0',instance='[fc21:a7a4:3eee:4c6a:2760:25a7:dfaa:29e1]:19999',job='netdata'}","Packets (net_packets.eth0){chart='cgroup_pcqt5pvr8h.net_packets_eth0',dimension='multicast',family='net eth0',instance='[fc21:a7a4:3eee:4c6a:2760:25a7:dfaa:29e1]:19999',job='netdata'}"
"17","netdata:tdud1VXRpP:fTkycV32Mu:PcQt5PVr8H_net_packets_packets_persec_average{chart='cgroup_pcqt5pvr8h.net_packets_eth0',dimension='received',family='net eth0',instance='[fc21:a7a4:3eee:4c6a:2760:25a7:dfaa:29e1]:19999',job='netdata'}","Packets (net_packets.eth0)","{chart='cgroup_pcqt5pvr8h.net_packets_eth0',dimension='received',family='net eth0',instance='[fc21:a7a4:3eee:4c6a:2760:25a7:dfaa:29e1]:19999',job='netdata'}","Packets (net_packets.eth0){chart='cgroup_pcqt5pvr8h.net_packets_eth0',dimension='received',family='net eth0',instance='[fc21:a7a4:3eee:4c6a:2760:25a7:dfaa:29e1]:19999',job='netdata'}"
"18","netdata:tdud1VXRpP:fTkycV32Mu:PcQt5PVr8H_net_packets_packets_persec_average{chart='cgroup_pcqt5pvr8h.net_packets_eth0',dimension='sent',family='net eth0',instance='[fc21:a7a4:3eee:4c6a:2760:25a7:dfaa:29e1]:19999',job='netdata'}","Packets (net_packets.eth0)","{chart='cgroup_pcqt5pvr8h.net_packets_eth0',dimension='sent',family='net eth0',instance='[fc21:a7a4:3eee:4c6a:2760:25a7:dfaa:29e1]:19999',job='netdata'}","Packets (net_packets.eth0){chart='cgroup_pcqt5pvr8h.net_packets_eth0',dimension='sent',family='net eth0',instance='[fc21:a7a4:3eee:4c6a:2760:25a7:dfaa:29e1]:19999',job='netdata'}"
"19","netdata:tdud1VXRpP:fTkycV32Mu:PcQt5PVr8H_net_packets_packets_persec_average{chart='net_packets.docker0',dimension='multicast',family='docker0',instance='[fc21:a7a4:3eee:4c6a:2760:25a7:dfaa:29e1]:19999',job='netdata'}","Packets (net_packets.eth0)","{chart='net_packets.docker0',dimension='multicast',family='docker0',instance='[fc21:a7a4:3eee:4c6a:2760:25a7:dfaa:29e1]:19999',job='netdata'}","Packets (net_packets.eth0){chart='net_packets.docker0',dimension='multicast',family='docker0',instance='[fc21:a7a4:3eee:4c6a:2760:25a7:dfaa:29e1]:19999',job='netdata'}"
"20","netdata:tdud1VXRpP:fTkycV32Mu:PcQt5PVr8H_net_packets_packets_persec_average{chart='net_packets.docker0',dimension='received',family='docker0',instance='[fc21:a7a4:3eee:4c6a:2760:25a7:dfaa:29e1]:19999',job='netdata'}","Packets (net_packets.eth0)","{chart='net_packets.docker0',dimension='received',family='docker0',instance='[fc21:a7a4:3eee:4c6a:2760:25a7:dfaa:29e1]:19999',job='netdata'}","Packets (net_packets.eth0){chart='net_packets.docker0',dimension='received',family='docker0',instance='[fc21:a7a4:3eee:4c6a:2760:25a7:dfaa:29e1]:19999',job='netdata'}"
"21","netdata:tdud1VXRpP:fTkycV32Mu:PcQt5PVr8H_net_packets_packets_persec_average{chart='net_packets.docker0',dimension='sent',family='docker0',instance='[fc21:a7a4:3eee:4c6a:2760:25a7:dfaa:29e1]:19999',job='netdata'}","Packets (net_packets.eth0)","{chart='net_packets.docker0',dimension='sent',family='docker0',instance='[fc21:a7a4:3eee:4c6a:2760:25a7:dfaa:29e1]:19999',job='netdata'}","Packets (net_packets.eth0){chart='net_packets.docker0',dimension='sent',family='docker0',instance='[fc21:a7a4:3eee:4c6a:2760:25a7:dfaa:29e1]:19999',job='netdata'}"
"22","netdata:tdud1VXRpP:fTkycV32Mu:PcQt5PVr8H_net_packets_packets_persec_average{chart='net_packets.ens3',dimension='multicast',family='ens3',instance='[fc21:a7a4:3eee:4c6a:2760:25a7:dfaa:29e1]:19999',job='netdata'}","Packets (net_packets.eth0)","{chart='net_packets.ens3',dimension='multicast',family='ens3',instance='[fc21:a7a4:3eee:4c6a:2760:25a7:dfaa:29e1]:19999',job='netdata'}","Packets (net_packets.eth0){chart='net_packets.ens3',dimension='multicast',family='ens3',instance='[fc21:a7a4:3eee:4c6a:2760:25a7:dfaa:29e1]:19999',job='netdata'}"
"23","netdata:tdud1VXRpP:fTkycV32Mu:PcQt5PVr8H_net_packets_packets_persec_average{chart='net_packets.ens3',dimension='received',family='ens3',instance='[fc21:a7a4:3eee:4c6a:2760:25a7:dfaa:29e1]:19999',job='netdata'}","Packets (net_packets.eth0)","{chart='net_packets.ens3',dimension='received',family='ens3',instance='[fc21:a7a4:3eee:4c6a:2760:25a7:dfaa:29e1]:19999',job='netdata'}","Packets (net_packets.eth0){chart='net_packets.ens3',dimension='received',family='ens3',instance='[fc21:a7a4:3eee:4c6a:2760:25a7:dfaa:29e1]:19999',job='netdata'}"
"24","netdata:tdud1VXRpP:fTkycV32Mu:PcQt5PVr8H_net_packets_packets_persec_average{chart='net_packets.ens3',dimension='sent',family='ens3',instance='[fc21:a7a4:3eee:4c6a:2760:25a7:dfaa:29e1]:19999',job='netdata'}","Packets (net_packets.eth0)","{chart='net_packets.ens3',dimension='sent',family='ens3',instance='[fc21:a7a4:3eee:4c6a:2760:25a7:dfaa:29e1]:19999',job='netdata'}","Packets (net_packets.eth0){chart='net_packets.ens3',dimension='sent',family='ens3',instance='[fc21:a7a4:3eee:4c6a:2760:25a7:dfaa:29e1]:19999',job='netdata'}"
"25","netdata:tdud1VXRpP:fTkycV32Mu:PcQt5PVr8H_net_packets_packets_persec_average{chart='net_packets.tun0',dimension='multicast',family='tun0',instance='[fc21:a7a4:3eee:4c6a:2760:25a7:dfaa:29e1]:19999',job='netdata'}","Packets (net_packets.eth0)","{chart='net_packets.tun0',dimension='multicast',family='tun0',instance='[fc21:a7a4:3eee:4c6a:2760:25a7:dfaa:29e1]:19999',job='netdata'}","Packets (net_packets.eth0){chart='net_packets.tun0',dimension='multicast',family='tun0',instance='[fc21:a7a4:3eee:4c6a:2760:25a7:dfaa:29e1]:19999',job='netdata'}"
"26","netdata:tdud1VXRpP:fTkycV32Mu:PcQt5PVr8H_net_packets_packets_persec_average{chart='net_packets.tun0',dimension='received',family='tun0',instance='[fc21:a7a4:3eee:4c6a:2760:25a7:dfaa:29e1]:19999',job='netdata'}","Packets (net_packets.eth0)","{chart='net_packets.tun0',dimension='received',family='tun0',instance='[fc21:a7a4:3eee:4c6a:2760:25a7:dfaa:29e1]:19999',job='netdata'}","Packets (net_packets.eth0){chart='net_packets.tun0',dimension='received',family='tun0',instance='[fc21:a7a4:3eee:4c6a:2760:25a7:dfaa:29e1]:19999',job='netdata'}"
"27","netdata:tdud1VXRpP:fTkycV32Mu:PcQt5PVr8H_net_packets_packets_persec_average{chart='net_packets.tun0',dimension='sent',family='tun0',instance='[fc21:a7a4:3eee:4c6a:2760:25a7:dfaa:29e1]:19999',job='netdata'}","Packets (net_packets.eth0)","{chart='net_packets.tun0',dimension='sent',family='tun0',instance='[fc21:a7a4:3eee:4c6a:2760:25a7:dfaa:29e1]:19999',job='netdata'}","Packets (net_packets.eth0){chart='net_packets.tun0',dimension='sent',family='tun0',instance='[fc21:a7a4:3eee:4c6a:2760:25a7:dfaa:29e1]:19999',job='netdata'}"
"28","netdata:tdud1VXRpP:fTkycV32Mu:PcQt5PVr8H_system_interrupts_interrupts_persec_average{chart='system.interrupts',dimension='CAL',family='interrupts',instance='[fc21:a7a4:3eee:4c6a:2760:25a7:dfaa:29e1]:19999',job='netdata'}","System interrupts (system.interrupts)","{chart='system.interrupts',dimension='CAL',family='interrupts',instance='[fc21:a7a4:3eee:4c6a:2760:25a7:dfaa:29e1]:19999',job='netdata'}","System interrupts (system.interrupts){chart='system.interrupts',dimension='CAL',family='interrupts',instance='[fc21:a7a4:3eee:4c6a:2760:25a7:dfaa:29e1]:19999',job='netdata'}"
"29","netdata:tdud1VXRpP:fTkycV32Mu:PcQt5PVr8H_system_interrupts_interrupts_persec_average{chart='system.interrupts',dimension='DFR',family='interrupts',instance='[fc21:a7a4:3eee:4c6a:2760:25a7:dfaa:29e1]:19999',job='netdata'}","System interrupts (system.interrupts)","{chart='system.interrupts',dimension='DFR',family='interrupts',instance='[fc21:a7a4:3eee:4c6a:2760:25a7:dfaa:29e1]:19999',job='netdata'}","System interrupts (system.interrupts){chart='system.interrupts',dimension='DFR',family='interrupts',instance='[fc21:a7a4:3eee:4c6a:2760:25a7:dfaa:29e1]:19999',job='netdata'}"
"30","netdata:tdud1VXRpP:fTkycV32Mu:PcQt5PVr8H_system_interrupts_interrupts_persec_average{chart='system.interrupts',dimension='ERR',family='interrupts',instance='[fc21:a7a4:3eee:4c6a:2760:25a7:dfaa:29e1]:19999',job='netdata'}","System interrupts (system.interrupts)","{chart='system.interrupts',dimension='ERR',family='interrupts',instance='[fc21:a7a4:3eee:4c6a:2760:25a7:dfaa:29e1]:19999',job='netdata'}","System interrupts (system.interrupts){chart='system.interrupts',dimension='ERR',family='interrupts',instance='[fc21:a7a4:3eee:4c6a:2760:25a7:dfaa:29e1]:19999',job='netdata'}"
"31","netdata:tdud1VXRpP:fTkycV32Mu:PcQt5PVr8H_system_interrupts_interrupts_persec_average{chart='system.interrupts',dimension='HYP',family='interrupts',instance='[fc21:a7a4:3eee:4c6a:2760:25a7:dfaa:29e1]:19999',job='netdata'}","System interrupts (system.interrupts)","{chart='system.interrupts',dimension='HYP',family='interrupts',instance='[fc21:a7a4:3eee:4c6a:2760:25a7:dfaa:29e1]:19999',job='netdata'}","System interrupts (system.interrupts){chart='system.interrupts',dimension='HYP',family='interrupts',instance='[fc21:a7a4:3eee:4c6a:2760:25a7:dfaa:29e1]:19999',job='netdata'}"
"32","netdata:tdud1VXRpP:fTkycV32Mu:PcQt5PVr8H_system_interrupts_interrupts_persec_average{chart='system.interrupts',dimension='IWI',family='interrupts',instance='[fc21:a7a4:3eee:4c6a:2760:25a7:dfaa:29e1]:19999',job='netdata'}","System interrupts (system.interrupts)","{chart='system.interrupts',dimension='IWI',family='interrupts',instance='[fc21:a7a4:3eee:4c6a:2760:25a7:dfaa:29e1]:19999',job='netdata'}","System interrupts (system.interrupts){chart='system.interrupts',dimension='IWI',family='interrupts',instance='[fc21:a7a4:3eee:4c6a:2760:25a7:dfaa:29e1]:19999',job='netdata'}"
"33","netdata:tdud1VXRpP:fTkycV32Mu:PcQt5PVr8H_system_interrupts_interrupts_persec_average{chart='system.interrupts',dimension='LOC',family='interrupts',instance='[fc21:a7a4:3eee:4c6a:2760:25a7:dfaa:29e1]:19999',job='netdata'}","System interrupts (system.interrupts)","{chart='system.interrupts',dimension='LOC',family='interrupts',instance='[fc21:a7a4:3eee:4c6a:2760:25a7:dfaa:29e1]:19999',job='netdata'}","System interrupts (system.interrupts){chart='system.interrupts',dimension='LOC',family='interrupts',instance='[fc21:a7a4:3eee:4c6a:2760:25a7:dfaa:29e1]:19999',job='netdata'}"
"34","netdata:tdud1VXRpP:fTkycV32Mu:PcQt5PVr8H_system_interrupts_interrupts_persec_average{chart='system.interrupts',dimension='MCE',family='interrupts',instance='[fc21:a7a4:3eee:4c6a:2760:25a7:dfaa:29e1]:19999',job='netdata'}","System interrupts (system.interrupts)","{chart='system.interrupts',dimension='MCE',family='interrupts',instance='[fc21:a7a4:3eee:4c6a:2760:25a7:dfaa:29e1]:19999',job='netdata'}","System interrupts (system.interrupts){chart='system.interrupts',dimension='MCE',family='interrupts',instance='[fc21:a7a4:3eee:4c6a:2760:25a7:dfaa:29e1]:19999',job='netdata'}"
"35","netdata:tdud1VXRpP:fTkycV32Mu:PcQt5PVr8H_system_interrupts_interrupts_persec_average{chart='system.interrupts',dimension='MCP',family='interrupts',instance='[fc21:a7a4:3eee:4c6a:2760:25a7:dfaa:29e1]:19999',job='netdata'}","System interrupts (system.interrupts)","{chart='system.interrupts',dimension='MCP',family='interrupts',instance='[fc21:a7a4:3eee:4c6a:2760:25a7:dfaa:29e1]:19999',job='netdata'}","System interrupts (system.interrupts){chart='system.interrupts',dimension='MCP',family='interrupts',instance='[fc21:a7a4:3eee:4c6a:2760:25a7:dfaa:29e1]:19999',job='netdata'}"
"36","netdata:tdud1VXRpP:fTkycV32Mu:PcQt5PVr8H_system_interrupts_interrupts_persec_average{chart='system.interrupts',dimension='MIS',family='interrupts',instance='[fc21:a7a4:3eee:4c6a:2760:25a7:dfaa:29e1]:19999',job='netdata'}","System interrupts (system.interrupts)","{chart='system.interrupts',dimension='MIS',family='interrupts',instance='[fc21:a7a4:3eee:4c6a:2760:25a7:dfaa:29e1]:19999',job='netdata'}","System interrupts (system.interrupts){chart='system.interrupts',dimension='MIS',family='interrupts',instance='[fc21:a7a4:3eee:4c6a:2760:25a7:dfaa:29e1]:19999',job='netdata'}"
"37","netdata:tdud1VXRpP:fTkycV32Mu:PcQt5PVr8H_system_interrupts_interrupts_persec_average{chart='system.interrupts',dimension='NMI',family='interrupts',instance='[fc21:a7a4:3eee:4c6a:2760:25a7:dfaa:29e1]:19999',job='netdata'}","System interrupts (system.interrupts)","{chart='system.interrupts',dimension='NMI',family='interrupts',instance='[fc21:a7a4:3eee:4c6a:2760:25a7:dfaa:29e1]:19999',job='netdata'}","System interrupts (system.interrupts){chart='system.interrupts',dimension='NMI',family='interrupts',instance='[fc21:a7a4:3eee:4c6a:2760:25a7:dfaa:29e1]:19999',job='netdata'}"
"38","netdata:tdud1VXRpP:fTkycV32Mu:PcQt5PVr8H_system_interrupts_interrupts_persec_average{chart='system.interrupts',dimension='NPI',family='interrupts',instance='[fc21:a7a4:3eee:4c6a:2760:25a7:dfaa:29e1]:19999',job='netdata'}","System interrupts (system.interrupts)","{chart='system.interrupts',dimension='NPI',family='interrupts',instance='[fc21:a7a4:3eee:4c6a:2760:25a7:dfaa:29e1]:19999',job='netdata'}","System interrupts (system.interrupts){chart='system.interrupts',dimension='NPI',family='interrupts',instance='[fc21:a7a4:3eee:4c6a:2760:25a7:dfaa:29e1]:19999',job='netdata'}"
"39","netdata:tdud1VXRpP:fTkycV32Mu:PcQt5PVr8H_system_interrupts_interrupts_persec_average{chart='system.interrupts',dimension='PIN',family='interrupts',instance='[fc21:a7a4:3eee:4c6a:2760:25a7:dfaa:29e1]:19999',job='netdata'}","System interrupts (system.interrupts)","{chart='system.interrupts',dimension='PIN',family='interrupts',instance='[fc21:a7a4:3eee:4c6a:2760:25a7:dfaa:29e1]:19999',job='netdata'}","System interrupts (system.interrupts){chart='system.interrupts',dimension='PIN',family='interrupts',instance='[fc21:a7a4:3eee:4c6a:2760:25a7:dfaa:29e1]:19999',job='netdata'}"
"40","netdata:tdud1VXRpP:fTkycV32Mu:PcQt5PVr8H_system_interrupts_interrupts_persec_average{chart='system.interrupts',dimension='PIW',family='interrupts',instance='[fc21:a7a4:3eee:4c6a:2760:25a7:dfaa:29e1]:19999',job='netdata'}","System interrupts (system.interrupts)","{chart='system.interrupts',dimension='PIW',family='interrupts',instance='[fc21:a7a4:3eee:4c6a:2760:25a7:dfaa:29e1]:19999',job='netdata'}","System interrupts (system.interrupts){chart='system.interrupts',dimension='PIW',family='interrupts',instance='[fc21:a7a4:3eee:4c6a:2760:25a7:dfaa:29e1]:19999',job='netdata'}"
"41","netdata:tdud1VXRpP:fTkycV32Mu:PcQt5PVr8H_system_interrupts_interrupts_persec_average{chart='system.interrupts',dimension='PMI',family='interrupts',instance='[fc21:a7a4:3eee:4c6a:2760:25a7:dfaa:29e1]:19999',job='netdata'}","System interrupts (system.interrupts)","{chart='system.interrupts',dimension='PMI',family='interrupts',instance='[fc21:a7a4:3eee:4c6a:2760:25a7:dfaa:29e1]:19999',job='netdata'}","System interrupts (system.interrupts){chart='system.interrupts',dimension='PMI',family='interrupts',instance='[fc21:a7a4:3eee:4c6a:2760:25a7:dfaa:29e1]:19999',job='netdata'}"
"42","netdata:tdud1VXRpP:fTkycV32Mu:PcQt5PVr8H_system_interrupts_interrupts_persec_average{chart='system.interrupts',dimension='RES',family='interrupts',instance='[fc21:a7a4:3eee:4c6a:2760:25a7:dfaa:29e1]:19999',job='netdata'}","System interrupts (system.interrupts)","{chart='system.interrupts',dimension='RES',family='interrupts',instance='[fc21:a7a4:3eee:4c6a:2760:25a7:dfaa:29e1]:19999',job='netdata'}","System interrupts (system.interrupts){chart='system.interrupts',dimension='RES',family='interrupts',instance='[fc21:a7a4:3eee:4c6a:2760:25a7:dfaa:29e1]:19999',job='netdata'}"
"43","netdata:tdud1VXRpP:fTkycV32Mu:PcQt5PVr8H_system_interrupts_interrupts_persec_average{chart='system.interrupts',dimension='RTR',family='interrupts',instance='[fc21:a7a4:3eee:4c6a:2760:25a7:dfaa:29e1]:19999',job='netdata'}","System interrupts (system.interrupts)","{chart='system.interrupts',dimension='RTR',family='interrupts',instance='[fc21:a7a4:3eee:4c6a:2760:25a7:dfaa:29e1]:19999',job='netdata'}","System interrupts (system.interrupts){chart='system.interrupts',dimension='RTR',family='interrupts',instance='[fc21:a7a4:3eee:4c6a:2760:25a7:dfaa:29e1]:19999',job='netdata'}"
"44","netdata:tdud1VXRpP:fTkycV32Mu:PcQt5PVr8H_system_interrupts_interrupts_persec_average{chart='system.interrupts',dimension='SPU',family='interrupts',instance='[fc21:a7a4:3eee:4c6a:2760:25a7:dfaa:29e1]:19999',job='netdata'}","System interrupts (system.interrupts)","{chart='system.interrupts',dimension='SPU',family='interrupts',instance='[fc21:a7a4:3eee:4c6a:2760:25a7:dfaa:29e1]:19999',job='netdata'}","System interrupts (system.interrupts){chart='system.interrupts',dimension='SPU',family='interrupts',instance='[fc21:a7a4:3eee:4c6a:2760:25a7:dfaa:29e1]:19999',job='netdata'}"
"45","netdata:tdud1VXRpP:fTkycV32Mu:PcQt5PVr8H_system_interrupts_interrupts_persec_average{chart='system.interrupts',dimension='THR',family='interrupts',instance='[fc21:a7a4:3eee:4c6a:2760:25a7:dfaa:29e1]:19999',job='netdata'}","System interrupts (system.interrupts)","{chart='system.interrupts',dimension='THR',family='interrupts',instance='[fc21:a7a4:3eee:4c6a:2760:25a7:dfaa:29e1]:19999',job='netdata'}","System interrupts (system.interrupts){chart='system.interrupts',dimension='THR',family='interrupts',instance='[fc21:a7a4:3eee:4c6a:2760:25a7:dfaa:29e1]:19999',job='netdata'}"
"46","netdata:tdud1VXRpP:fTkycV32Mu:PcQt5PVr8H_system_interrupts_interrupts_persec_average{chart='system.interrupts',dimension='TLB',family='interrupts',instance='[fc21:a7a4:3eee:4c6a:2760:25a7:dfaa:29e1]:19999',job='netdata'}","System interrupts (system.interrupts)","{chart='system.interrupts',dimension='TLB',family='interrupts',instance='[fc21:a7a4:3eee:4c6a:2760:25a7:dfaa:29e1]:19999',job='netdata'}","System interrupts (system.interrupts){chart='system.interrupts',dimension='TLB',family='interrupts',instance='[fc21:a7a4:3eee:4c6a:2760:25a7:dfaa:29e1]:19999',job='netdata'}"
"47","netdata:tdud1VXRpP:fTkycV32Mu:PcQt5PVr8H_system_interrupts_interrupts_persec_average{chart='system.interrupts',dimension='TRM',family='interrupts',instance='[fc21:a7a4:3eee:4c6a:2760:25a7:dfaa:29e1]:19999',job='netdata'}","System interrupts (system.interrupts)","{chart='system.interrupts',dimension='TRM',family='interrupts',instance='[fc21:a7a4:3eee:4c6a:2760:25a7:dfaa:29e1]:19999',job='netdata'}","System interrupts (system.interrupts){chart='system.interrupts',dimension='TRM',family='interrupts',instance='[fc21:a7a4:3eee:4c6a:2760:25a7:dfaa:29e1]:19999',job='netdata'}"
"48","netdata:tdud1VXRpP:fTkycV32Mu:PcQt5PVr8H_system_interrupts_interrupts_persec_average{chart='system.interrupts',dimension='acpi_9',family='interrupts',instance='[fc21:a7a4:3eee:4c6a:2760:25a7:dfaa:29e1]:19999',job='netdata'}","System interrupts (system.interrupts)","{chart='system.interrupts',dimension='acpi_9',family='interrupts',instance='[fc21:a7a4:3eee:4c6a:2760:25a7:dfaa:29e1]:19999',job='netdata'}","System interrupts (system.interrupts){chart='system.interrupts',dimension='acpi_9',family='interrupts',instance='[fc21:a7a4:3eee:4c6a:2760:25a7:dfaa:29e1]:19999',job='netdata'}"
"49","netdata:tdud1VXRpP:fTkycV32Mu:PcQt5PVr8H_system_interrupts_interrupts_persec_average{chart='system.interrupts',dimension='ata_piix_14',family='interrupts',instance='[fc21:a7a4:3eee:4c6a:2760:25a7:dfaa:29e1]:19999',job='netdata'}","System interrupts (system.interrupts)","{chart='system.interrupts',dimension='ata_piix_14',family='interrupts',instance='[fc21:a7a4:3eee:4c6a:2760:25a7:dfaa:29e1]:19999',job='netdata'}","System interrupts (system.interrupts){chart='system.interrupts',dimension='ata_piix_14',family='interrupts',instance='[fc21:a7a4:3eee:4c6a:2760:25a7:dfaa:29e1]:19999',job='netdata'}"
"50","netdata:tdud1VXRpP:fTkycV32Mu:PcQt5PVr8H_system_interrupts_interrupts_persec_average{chart='system.interrupts',dimension='ata_piix_15',family='interrupts',instance='[fc21:a7a4:3eee:4c6a:2760:25a7:dfaa:29e1]:19999',job='netdata'}","System interrupts (system.interrupts)","{chart='system.interrupts',dimension='ata_piix_15',family='interrupts',instance='[fc21:a7a4:3eee:4c6a:2760:25a7:dfaa:29e1]:19999',job='netdata'}","System interrupts (system.interrupts){chart='system.interrupts',dimension='ata_piix_15',family='interrupts',instance='[fc21:a7a4:3eee:4c6a:2760:25a7:dfaa:29e1]:19999',job='netdata'}"
"51","netdata:tdud1VXRpP:fTkycV32Mu:PcQt5PVr8H_system_interrupts_interrupts_persec_average{chart='system.interrupts',dimension='floppy_6',family='interrupts',instance='[fc21:a7a4:3eee:4c6a:2760:25a7:dfaa:29e1]:19999',job='netdata'}","System interrupts (system.interrupts)","{chart='system.interrupts',dimension='floppy_6',family='interrupts',instance='[fc21:a7a4:3eee:4c6a:2760:25a7:dfaa:29e1]:19999',job='netdata'}","System interrupts (system.interrupts){chart='system.interrupts',dimension='floppy_6',family='interrupts',instance='[fc21:a7a4:3eee:4c6a:2760:25a7:dfaa:29e1]:19999',job='netdata'}"
"52","netdata:tdud1VXRpP:fTkycV32Mu:PcQt5PVr8H_system_interrupts_interrupts_persec_average{chart='system.interrupts',dimension='i8042_1',family='interrupts',instance='[fc21:a7a4:3eee:4c6a:2760:25a7:dfaa:29e1]:19999',job='netdata'}","System interrupts (system.interrupts)","{chart='system.interrupts',dimension='i8042_1',family='interrupts',instance='[fc21:a7a4:3eee:4c6a:2760:25a7:dfaa:29e1]:19999',job='netdata'}","System interrupts (system.interrupts){chart='system.interrupts',dimension='i8042_1',family='interrupts',instance='[fc21:a7a4:3eee:4c6a:2760:25a7:dfaa:29e1]:19999',job='netdata'}"
"53","netdata:tdud1VXRpP:fTkycV32Mu:PcQt5PVr8H_system_interrupts_interrupts_persec_average{chart='system.interrupts',dimension='i8042_12',family='interrupts',instance='[fc21:a7a4:3eee:4c6a:2760:25a7:dfaa:29e1]:19999',job='netdata'}","System interrupts (system.interrupts)","{chart='system.interrupts',dimension='i8042_12',family='interrupts',instance='[fc21:a7a4:3eee:4c6a:2760:25a7:dfaa:29e1]:19999',job='netdata'}","System interrupts (system.interrupts){chart='system.interrupts',dimension='i8042_12',family='interrupts',instance='[fc21:a7a4:3eee:4c6a:2760:25a7:dfaa:29e1]:19999',job='netdata'}"
"54","netdata:tdud1VXRpP:fTkycV32Mu:PcQt5PVr8H_system_interrupts_interrupts_persec_average{chart='system.interrupts',dimension='rtc0_8',family='interrupts',instance='[fc21:a7a4:3eee:4c6a:2760:25a7:dfaa:29e1]:19999',job='netdata'}","System interrupts (system.interrupts)","{chart='system.interrupts',dimension='rtc0_8',family='interrupts',instance='[fc21:a7a4:3eee:4c6a:2760:25a7:dfaa:29e1]:19999',job='netdata'}","System interrupts (system.interrupts){chart='system.interrupts',dimension='rtc0_8',family='interrupts',instance='[fc21:a7a4:3eee:4c6a:2760:25a7:dfaa:29e1]:19999',job='netdata'}"
"55","netdata:tdud1VXRpP:fTkycV32Mu:PcQt5PVr8H_system_interrupts_interrupts_persec_average{chart='system.interrupts',dimension='timer_0',family='interrupts',instance='[fc21:a7a4:3eee:4c6a:2760:25a7:dfaa:29e1]:19999',job='netdata'}","System interrupts (system.interrupts)","{chart='system.interrupts',dimension='timer_0',family='interrupts',instance='[fc21:a7a4:3eee:4c6a:2760:25a7:dfaa:29e1]:19999',job='netdata'}","System interrupts (system.interrupts){chart='system.interrupts',dimension='timer_0',family='interrupts',instance='[fc21:a7a4:3eee:4c6a:2760:25a7:dfaa:29e1]:19999',job='netdata'}"
"56","netdata:tdud1VXRpP:fTkycV32Mu:PcQt5PVr8H_system_interrupts_interrupts_persec_average{chart='system.interrupts',dimension='ttyS0_4',family='interrupts',instance='[fc21:a7a4:3eee:4c6a:2760:25a7:dfaa:29e1]:19999',job='netdata'}","System interrupts (system.interrupts)","{chart='system.interrupts',dimension='ttyS0_4',family='interrupts',instance='[fc21:a7a4:3eee:4c6a:2760:25a7:dfaa:29e1]:19999',job='netdata'}","System interrupts (system.interrupts){chart='system.interrupts',dimension='ttyS0_4',family='interrupts',instance='[fc21:a7a4:3eee:4c6a:2760:25a7:dfaa:29e1]:19999',job='netdata'}"
"57","netdata:tdud1VXRpP:fTkycV32Mu:PcQt5PVr8H_system_interrupts_interrupts_persec_average{chart='system.interrupts',dimension='uhci_hcd:usb1_11',family='interrupts',instance='[fc21:a7a4:3eee:4c6a:2760:25a7:dfaa:29e1]:19999',job='netdata'}","System interrupts (system.interrupts)","{chart='system.interrupts',dimension='uhci_hcd:usb1_11',family='interrupts',instance='[fc21:a7a4:3eee:4c6a:2760:25a7:dfaa:29e1]:19999',job='netdata'}","System interrupts (system.interrupts){chart='system.interrupts',dimension='uhci_hcd:usb1_11',family='interrupts',instance='[fc21:a7a4:3eee:4c6a:2760:25a7:dfaa:29e1]:19999',job='netdata'}"
"58","netdata:tdud1VXRpP:fTkycV32Mu:PcQt5PVr8H_system_interrupts_interrupts_persec_average{chart='system.interrupts',dimension='virtio0-config_24',family='interrupts',instance='[fc21:a7a4:3eee:4c6a:2760:25a7:dfaa:29e1]:19999',job='netdata'}","System interrupts (system.interrupts)","{chart='system.interrupts',dimension='virtio0-config_24',family='interrupts',instance='[fc21:a7a4:3eee:4c6a:2760:25a7:dfaa:29e1]:19999',job='netdata'}","System interrupts (system.interrupts){chart='system.interrupts',dimension='virtio0-config_24',family='interrupts',instance='[fc21:a7a4:3eee:4c6a:2760:25a7:dfaa:29e1]:19999',job='netdata'}"
"59","netdata:tdud1VXRpP:fTkycV32Mu:PcQt5PVr8H_system_interrupts_interrupts_persec_average{chart='system.interrupts',dimension='virtio0-input.0_25',family='interrupts',instance='[fc21:a7a4:3eee:4c6a:2760:25a7:dfaa:29e1]:19999',job='netdata'}","System interrupts (system.interrupts)","{chart='system.interrupts',dimension='virtio0-input.0_25',family='interrupts',instance='[fc21:a7a4:3eee:4c6a:2760:25a7:dfaa:29e1]:19999',job='netdata'}","System interrupts (system.interrupts){chart='system.interrupts',dimension='virtio0-input.0_25',family='interrupts',instance='[fc21:a7a4:3eee:4c6a:2760:25a7:dfaa:29e1]:19999',job='netdata'}"
"60","netdata:tdud1VXRpP:fTkycV32Mu:PcQt5PVr8H_system_interrupts_interrupts_persec_average{chart='system.interrupts',dimension='virtio0-output.0_26',family='interrupts',instance='[fc21:a7a4:3eee:4c6a:2760:25a7:dfaa:29e1]:19999',job='netdata'}","System interrupts (system.interrupts)","{chart='system.interrupts',dimension='virtio0-output.0_26',family='interrupts',instance='[fc21:a7a4:3eee:4c6a:2760:25a7:dfaa:29e1]:19999',job='netdata'}","System interrupts (system.interrupts){chart='system.interrupts',dimension='virtio0-output.0_26',family='interrupts',instance='[fc21:a7a4:3eee:4c6a:2760:25a7:dfaa:29e1]:19999',job='netdata'}"
"61","netdata:tdud1VXRpP:fTkycV32Mu:PcQt5PVr8H_system_interrupts_interrupts_persec_average{chart='system.interrupts',dimension='virtio1-config_27',family='interrupts',instance='[fc21:a7a4:3eee:4c6a:2760:25a7:dfaa:29e1]:19999',job='netdata'}","System interrupts (system.interrupts)","{chart='system.interrupts',dimension='virtio1-config_27',family='interrupts',instance='[fc21:a7a4:3eee:4c6a:2760:25a7:dfaa:29e1]:19999',job='netdata'}","System interrupts (system.interrupts){chart='system.interrupts',dimension='virtio1-config_27',family='interrupts',instance='[fc21:a7a4:3eee:4c6a:2760:25a7:dfaa:29e1]:19999',job='netdata'}"
"62","netdata:tdud1VXRpP:fTkycV32Mu:PcQt5PVr8H_system_interrupts_interrupts_persec_average{chart='system.interrupts',dimension='virtio1-req.0_28',family='interrupts',instance='[fc21:a7a4:3eee:4c6a:2760:25a7:dfaa:29e1]:19999',job='netdata'}","System interrupts (system.interrupts)","{chart='system.interrupts',dimension='virtio1-req.0_28',family='interrupts',instance='[fc21:a7a4:3eee:4c6a:2760:25a7:dfaa:29e1]:19999',job='netdata'}","System interrupts (system.interrupts){chart='system.interrupts',dimension='virtio1-req.0_28',family='interrupts',instance='[fc21:a7a4:3eee:4c6a:2760:25a7:dfaa:29e1]:19999',job='netdata'}"
"63","netdata:tdud1VXRpP:fTkycV32Mu:PcQt5PVr8H_system_interrupts_interrupts_persec_average{chart='system.interrupts',dimension='virtio2_10',family='interrupts',instance='[fc21:a7a4:3eee:4c6a:2760:25a7:dfaa:29e1]:19999',job='netdata'}","System interrupts (system.interrupts)","{chart='system.interrupts',dimension='virtio2_10',family='interrupts',instance='[fc21:a7a4:3eee:4c6a:2760:25a7:dfaa:29e1]:19999',job='netdata'}","System interrupts (system.interrupts){chart='system.interrupts',dimension='virtio2_10',family='interrupts',instance='[fc21:a7a4:3eee:4c6a:2760:25a7:dfaa:29e1]:19999',job='netdata'}"
"64","netdata:tdud1VXRpP:fTkycV32Mu:PcQt5PVr8H_system_io_kilobytes_persec_average{chart='system.io',dimension='in',family='disk',instance='[fc21:a7a4:3eee:4c6a:2760:25a7:dfaa:29e1]:19999',job='netdata'}","Disk I/O (system.io)","{chart='system.io',dimension='in',family='disk',instance='[fc21:a7a4:3eee:4c6a:2760:25a7:dfaa:29e1]:19999',job='netdata'}","Disk I/O (system.io){chart='system.io',dimension='in',family='disk',instance='[fc21:a7a4:3eee:4c6a:2760:25a7:dfaa:29e1]:19999',job='netdata'}"
"65","netdata:tdud1VXRpP:fTkycV32Mu:PcQt5PVr8H_system_io_kilobytes_persec_average{chart='system.io',dimension='out',family='disk',instance='[fc21:a7a4:3eee:4c6a:2760:25a7:dfaa:29e1]:19999',job='netdata'}","Disk I/O (system.io)","{chart='system.io',dimension='out',family='disk',instance='[fc21:a7a4:3eee:4c6a:2760:25a7:dfaa:29e1]:19999',job='netdata'}","Disk I/O (system.io){chart='system.io',dimension='out',family='disk',instance='[fc21:a7a4:3eee:4c6a:2760:25a7:dfaa:29e1]:19999',job='netdata'}"
"66","netdata:tdud1VXRpP:fTkycV32Mu:PcQt5PVr8H_system_cpu_percentage_average{chart='system.cpu',dimension='guest',family='cpu',instance='[fc21:a7a4:3eee:4c6a:2760:25a7:dfaa:29e1]:19999',job='netdata'}","Total CPU utilization (system.cpu)","{chart='system.cpu',dimension='guest',family='cpu',instance='[fc21:a7a4:3eee:4c6a:2760:25a7:dfaa:29e1]:19999',job='netdata'}","Total CPU utilization (system.cpu){chart='system.cpu',dimension='guest',family='cpu',instance='[fc21:a7a4:3eee:4c6a:2760:25a7:dfaa:29e1]:19999',job='netdata'}"
"67","netdata:tdud1VXRpP:fTkycV32Mu:PcQt5PVr8H_system_cpu_percentage_average{chart='system.cpu',dimension='guest_nice',family='cpu',instance='[fc21:a7a4:3eee:4c6a:2760:25a7:dfaa:29e1]:19999',job='netdata'}","Total CPU utilization (system.cpu)","{chart='system.cpu',dimension='guest_nice',family='cpu',instance='[fc21:a7a4:3eee:4c6a:2760:25a7:dfaa:29e1]:19999',job='netdata'}","Total CPU utilization (system.cpu){chart='system.cpu',dimension='guest_nice',family='cpu',instance='[fc21:a7a4:3eee:4c6a:2760:25a7:dfaa:29e1]:19999',job='netdata'}"
"68","netdata:tdud1VXRpP:fTkycV32Mu:PcQt5PVr8H_system_cpu_percentage_average{chart='system.cpu',dimension='idle',family='cpu',instance='[fc21:a7a4:3eee:4c6a:2760:25a7:dfaa:29e1]:19999',job='netdata'}","Total CPU utilization (system.cpu)","{chart='system.cpu',dimension='idle',family='cpu',instance='[fc21:a7a4:3eee:4c6a:2760:25a7:dfaa:29e1]:19999',job='netdata'}","Total CPU utilization (system.cpu){chart='system.cpu',dimension='idle',family='cpu',instance='[fc21:a7a4:3eee:4c6a:2760:25a7:dfaa:29e1]:19999',job='netdata'}"
"69","netdata:tdud1VXRpP:fTkycV32Mu:PcQt5PVr8H_system_cpu_percentage_average{chart='system.cpu',dimension='iowait',family='cpu',instance='[fc21:a7a4:3eee:4c6a:2760:25a7:dfaa:29e1]:19999',job='netdata'}","Total CPU utilization (system.cpu)","{chart='system.cpu',dimension='iowait',family='cpu',instance='[fc21:a7a4:3eee:4c6a:2760:25a7:dfaa:29e1]:19999',job='netdata'}","Total CPU utilization (system.cpu){chart='system.cpu',dimension='iowait',family='cpu',instance='[fc21:a7a4:3eee:4c6a:2760:25a7:dfaa:29e1]:19999',job='netdata'}"
"70","netdata:tdud1VXRpP:fTkycV32Mu:PcQt5PVr8H_system_cpu_percentage_average{chart='system.cpu',dimension='irq',family='cpu',instance='[fc21:a7a4:3eee:4c6a:2760:25a7:dfaa:29e1]:19999',job='netdata'}","Total CPU utilization (system.cpu)","{chart='system.cpu',dimension='irq',family='cpu',instance='[fc21:a7a4:3eee:4c6a:2760:25a7:dfaa:29e1]:19999',job='netdata'}","Total CPU utilization (system.cpu){chart='system.cpu',dimension='irq',family='cpu',instance='[fc21:a7a4:3eee:4c6a:2760:25a7:dfaa:29e1]:19999',job='netdata'}"
"71","netdata:tdud1VXRpP:fTkycV32Mu:PcQt5PVr8H_system_cpu_percentage_average{chart='system.cpu',dimension='nice',family='cpu',instance='[fc21:a7a4:3eee:4c6a:2760:25a7:dfaa:29e1]:19999',job='netdata'}","Total CPU utilization (system.cpu)","{chart='system.cpu',dimension='nice',family='cpu',instance='[fc21:a7a4:3eee:4c6a:2760:25a7:dfaa:29e1]:19999',job='netdata'}","Total CPU utilization (system.cpu){chart='system.cpu',dimension='nice',family='cpu',instance='[fc21:a7a4:3eee:4c6a:2760:25a7:dfaa:29e1]:19999',job='netdata'}"
"72","netdata:tdud1VXRpP:fTkycV32Mu:PcQt5PVr8H_system_cpu_percentage_average{chart='system.cpu',dimension='softirq',family='cpu',instance='[fc21:a7a4:3eee:4c6a:2760:25a7:dfaa:29e1]:19999',job='netdata'}","Total CPU utilization (system.cpu)","{chart='system.cpu',dimension='softirq',family='cpu',instance='[fc21:a7a4:3eee:4c6a:2760:25a7:dfaa:29e1]:19999',job='netdata'}","Total CPU utilization (system.cpu){chart='system.cpu',dimension='softirq',family='cpu',instance='[fc21:a7a4:3eee:4c6a:2760:25a7:dfaa:29e1]:19999',job='netdata'}"
"73","netdata:tdud1VXRpP:fTkycV32Mu:PcQt5PVr8H_system_cpu_percentage_average{chart='system.cpu',dimension='steal',family='cpu',instance='[fc21:a7a4:3eee:4c6a:2760:25a7:dfaa:29e1]:19999',job='netdata'}","Total CPU utilization (system.cpu)","{chart='system.cpu',dimension='steal',family='cpu',instance='[fc21:a7a4:3eee:4c6a:2760:25a7:dfaa:29e1]:19999',job='netdata'}","Total CPU utilization (system.cpu){chart='system.cpu',dimension='steal',family='cpu',instance='[fc21:a7a4:3eee:4c6a:2760:25a7:dfaa:29e1]:19999',job='netdata'}"
"74","netdata:tdud1VXRpP:fTkycV32Mu:PcQt5PVr8H_system_cpu_percentage_average{chart='system.cpu',dimension='system',family='cpu',instance='[fc21:a7a4:3eee:4c6a:2760:25a7:dfaa:29e1]:19999',job='netdata'}","Total CPU utilization (system.cpu)","{chart='system.cpu',dimension='system',family='cpu',instance='[fc21:a7a4:3eee:4c6a:2760:25a7:dfaa:29e1]:19999',job='netdata'}","Total CPU utilization (system.cpu){chart='system.cpu',dimension='system',family='cpu',instance='[fc21:a7a4:3eee:4c6a:2760:25a7:dfaa:29e1]:19999',job='netdata'}"
"75","netdata:tdud1VXRpP:fTkycV32Mu:PcQt5PVr8H_system_cpu_percentage_average{chart='system.cpu',dimension='user',family='cpu',instance='[fc21:a7a4:3eee:4c6a:2760:25a7:dfaa:29e1]:19999',job='netdata'}","Total CPU utilization (system.cpu)","{chart='system.cpu',dimension='user',family='cpu',instance='[fc21:a7a4:3eee:4c6a:2760:25a7:dfaa:29e1]:19999',job='netdata'}","Total CPU utilization (system.cpu){chart='system.cpu',dimension='user',family='cpu',instance='[fc21:a7a4:3eee:4c6a:2760:25a7:dfaa:29e1]:19999',job='netdata'}"
"76","netdata:tdud1VXRpP:fTkycV32Mu:PcQt5PVr8H_system_ram_MB_average{chart='system.ram',dimension='buffers',family='ram',instance='[fc21:a7a4:3eee:4c6a:2760:25a7:dfaa:29e1]:19999',job='netdata'}","System RAM (system.ram)","{chart='system.ram',dimension='buffers',family='ram',instance='[fc21:a7a4:3eee:4c6a:2760:25a7:dfaa:29e1]:19999',job='netdata'}","System RAM (system.ram){chart='system.ram',dimension='buffers',family='ram',instance='[fc21:a7a4:3eee:4c6a:2760:25a7:dfaa:29e1]:19999',job='netdata'}"
"77","netdata:tdud1VXRpP:fTkycV32Mu:PcQt5PVr8H_system_ram_MB_average{chart='system.ram',dimension='cached',family='ram',instance='[fc21:a7a4:3eee:4c6a:2760:25a7:dfaa:29e1]:19999',job='netdata'}","System RAM (system.ram)","{chart='system.ram',dimension='cached',family='ram',instance='[fc21:a7a4:3eee:4c6a:2760:25a7:dfaa:29e1]:19999',job='netdata'}","System RAM (system.ram){chart='system.ram',dimension='cached',family='ram',instance='[fc21:a7a4:3eee:4c6a:2760:25a7:dfaa:29e1]:19999',job='netdata'}"
"78","netdata:tdud1VXRpP:fTkycV32Mu:PcQt5PVr8H_system_ram_MB_average{chart='system.ram',dimension='free',family='ram',instance='[fc21:a7a4:3eee:4c6a:2760:25a7:dfaa:29e1]:19999',job='netdata'}","System RAM (system.ram)","{chart='system.ram',dimension='free',family='ram',instance='[fc21:a7a4:3eee:4c6a:2760:25a7:dfaa:29e1]:19999',job='netdata'}","System RAM (system.ram){chart='system.ram',dimension='free',family='ram',instance='[fc21:a7a4:3eee:4c6a:2760:25a7:dfaa:29e1]:19999',job='netdata'}"
"79","netdata:tdud1VXRpP:fTkycV32Mu:PcQt5PVr8H_system_ram_MB_average{chart='system.ram',dimension='used',family='ram',instance='[fc21:a7a4:3eee:4c6a:2760:25a7:dfaa:29e1]:19999',job='netdata'}","System RAM (system.ram)","{chart='system.ram',dimension='used',family='ram',instance='[fc21:a7a4:3eee:4c6a:2760:25a7:dfaa:29e1]:19999',job='netdata'}","System RAM (system.ram){chart='system.ram',dimension='used',family='ram',instance='[fc21:a7a4:3eee:4c6a:2760:25a7:dfaa:29e1]:19999',job='netdata'}"
"80","netdata:tdud1VXRpP:fTkycV32Mu:PcQt5PVr8H_mem_available_MB_average{chart='mem.available',dimension='avail',family='system',instance='[fc21:a7a4:3eee:4c6a:2760:25a7:dfaa:29e1]:19999',job='netdata'}","Available RAM for applications (mem.available)","{chart='mem.available',dimension='avail',family='system',instance='[fc21:a7a4:3eee:4c6a:2760:25a7:dfaa:29e1]:19999',job='netdata'}","Available RAM for applications (mem.available){chart='mem.available',dimension='avail',family='system',instance='[fc21:a7a4:3eee:4c6a:2760:25a7:dfaa:29e1]:19999',job='netdata'}"
"81","netdata:tdud1VXRpP:fTkycV32Mu:PcQt5PVr8H_groups_cpu_cpu_time___average{chart='groups.cpu',dimension='62583',family='cpu',instance='[fc21:a7a4:3eee:4c6a:2760:25a7:dfaa:29e1]:19999',job='netdata'}","User Groups CPU Time (400% = 4 cores) (groups.cpu)","{chart='groups.cpu',dimension='62583',family='cpu',instance='[fc21:a7a4:3eee:4c6a:2760:25a7:dfaa:29e1]:19999',job='netdata'}","User Groups CPU Time (400% = 4 cores) (groups.cpu){chart='groups.cpu',dimension='62583',family='cpu',instance='[fc21:a7a4:3eee:4c6a:2760:25a7:dfaa:29e1]:19999',job='netdata'}"
"82","netdata:tdud1VXRpP:fTkycV32Mu:PcQt5PVr8H_groups_cpu_cpu_time___average{chart='groups.cpu',dimension='daemon',family='cpu',instance='[fc21:a7a4:3eee:4c6a:2760:25a7:dfaa:29e1]:19999',job='netdata'}","User Groups CPU Time (400% = 4 cores) (groups.cpu)","{chart='groups.cpu',dimension='daemon',family='cpu',instance='[fc21:a7a4:3eee:4c6a:2760:25a7:dfaa:29e1]:19999',job='netdata'}","User Groups CPU Time (400% = 4 cores) (groups.cpu){chart='groups.cpu',dimension='daemon',family='cpu',instance='[fc21:a7a4:3eee:4c6a:2760:25a7:dfaa:29e1]:19999',job='netdata'}"
"83","netdata:tdud1VXRpP:fTkycV32Mu:PcQt5PVr8H_groups_cpu_cpu_time___average{chart='groups.cpu',dimension='man',family='cpu',instance='[fc21:a7a4:3eee:4c6a:2760:25a7:dfaa:29e1]:19999',job='netdata'}","User Groups CPU Time (400% = 4 cores) (groups.cpu)","{chart='groups.cpu',dimension='man',family='cpu',instance='[fc21:a7a4:3eee:4c6a:2760:25a7:dfaa:29e1]:19999',job='netdata'}","User Groups CPU Time (400% = 4 cores) (groups.cpu){chart='groups.cpu',dimension='man',family='cpu',instance='[fc21:a7a4:3eee:4c6a:2760:25a7:dfaa:29e1]:19999',job='netdata'}"
"84","netdata:tdud1VXRpP:fTkycV32Mu:PcQt5PVr8H_groups_cpu_cpu_time___average{chart='groups.cpu',dimension='messagebus',family='cpu',instance='[fc21:a7a4:3eee:4c6a:2760:25a7:dfaa:29e1]:19999',job='netdata'}","User Groups CPU Time (400% = 4 cores) (groups.cpu)","{chart='groups.cpu',dimension='messagebus',family='cpu',instance='[fc21:a7a4:3eee:4c6a:2760:25a7:dfaa:29e1]:19999',job='netdata'}","User Groups CPU Time (400% = 4 cores) (groups.cpu){chart='groups.cpu',dimension='messagebus',family='cpu',instance='[fc21:a7a4:3eee:4c6a:2760:25a7:dfaa:29e1]:19999',job='netdata'}"
"85","netdata:tdud1VXRpP:fTkycV32Mu:PcQt5PVr8H_groups_cpu_cpu_time___average{chart='groups.cpu',dimension='netdata',family='cpu',instance='[fc21:a7a4:3eee:4c6a:2760:25a7:dfaa:29e1]:19999',job='netdata'}","User Groups CPU Time (400% = 4 cores) (groups.cpu)","{chart='groups.cpu',dimension='netdata',family='cpu',instance='[fc21:a7a4:3eee:4c6a:2760:25a7:dfaa:29e1]:19999',job='netdata'}","User Groups CPU Time (400% = 4 cores) (groups.cpu){chart='groups.cpu',dimension='netdata',family='cpu',instance='[fc21:a7a4:3eee:4c6a:2760:25a7:dfaa:29e1]:19999',job='netdata'}"
"86","netdata:tdud1VXRpP:fTkycV32Mu:PcQt5PVr8H_groups_cpu_cpu_time___average{chart='groups.cpu',dimension='nogroup',family='cpu',instance='[fc21:a7a4:3eee:4c6a:2760:25a7:dfaa:29e1]:19999',job='netdata'}","User Groups CPU Time (400% = 4 cores) (groups.cpu)","{chart='groups.cpu',dimension='nogroup',family='cpu',instance='[fc21:a7a4:3eee:4c6a:2760:25a7:dfaa:29e1]:19999',job='netdata'}","User Groups CPU Time (400% = 4 cores) (groups.cpu){chart='groups.cpu',dimension='nogroup',family='cpu',instance='[fc21:a7a4:3eee:4c6a:2760:25a7:dfaa:29e1]:19999',job='netdata'}"
"87","netdata:tdud1VXRpP:fTkycV32Mu:PcQt5PVr8H_groups_cpu_cpu_time___average{chart='groups.cpu',dimension='root',family='cpu',instance='[fc21:a7a4:3eee:4c6a:2760:25a7:dfaa:29e1]:19999',job='netdata'}","User Groups CPU Time (400% = 4 cores) (groups.cpu)","{chart='groups.cpu',dimension='root',family='cpu',instance='[fc21:a7a4:3eee:4c6a:2760:25a7:dfaa:29e1]:19999',job='netdata'}","User Groups CPU Time (400% = 4 cores) (groups.cpu){chart='groups.cpu',dimension='root',family='cpu',instance='[fc21:a7a4:3eee:4c6a:2760:25a7:dfaa:29e1]:19999',job='netdata'}"
"88","netdata:tdud1VXRpP:fTkycV32Mu:PcQt5PVr8H_groups_cpu_cpu_time___average{chart='groups.cpu',dimension='syslog',family='cpu',instance='[fc21:a7a4:3eee:4c6a:2760:25a7:dfaa:29e1]:19999',job='netdata'}","User Groups CPU Time (400% = 4 cores) (groups.cpu)","{chart='groups.cpu',dimension='syslog',family='cpu',instance='[fc21:a7a4:3eee:4c6a:2760:25a7:dfaa:29e1]:19999',job='netdata'}","User Groups CPU Time (400% = 4 cores) (groups.cpu){chart='groups.cpu',dimension='syslog',family='cpu',instance='[fc21:a7a4:3eee:4c6a:2760:25a7:dfaa:29e1]:19999',job='netdata'}"
"89","netdata:tdud1VXRpP:fTkycV32Mu:PcQt5PVr8H_groups_cpu_cpu_time___average{chart='groups.cpu',dimension='systemd-network',family='cpu',instance='[fc21:a7a4:3eee:4c6a:2760:25a7:dfaa:29e1]:19999',job='netdata'}","User Groups CPU Time (400% = 4 cores) (groups.cpu)","{chart='groups.cpu',dimension='systemd-network',family='cpu',instance='[fc21:a7a4:3eee:4c6a:2760:25a7:dfaa:29e1]:19999',job='netdata'}","User Groups CPU Time (400% = 4 cores) (groups.cpu){chart='groups.cpu',dimension='systemd-network',family='cpu',instance='[fc21:a7a4:3eee:4c6a:2760:25a7:dfaa:29e1]:19999',job='netdata'}"
"90","netdata:tdud1VXRpP:fTkycV32Mu:PcQt5PVr8H_groups_cpu_cpu_time___average{chart='groups.cpu',dimension='systemd-resolve',family='cpu',instance='[fc21:a7a4:3eee:4c6a:2760:25a7:dfaa:29e1]:19999',job='netdata'}","User Groups CPU Time (400% = 4 cores) (groups.cpu)","{chart='groups.cpu',dimension='systemd-resolve',family='cpu',instance='[fc21:a7a4:3eee:4c6a:2760:25a7:dfaa:29e1]:19999',job='netdata'}","User Groups CPU Time (400% = 4 cores) (groups.cpu){chart='groups.cpu',dimension='systemd-resolve',family='cpu',instance='[fc21:a7a4:3eee:4c6a:2760:25a7:dfaa:29e1]:19999',job='netdata'}"
"91","netdata:tdud1VXRpP:fTkycV32Mu:PcQt5PVr8H_ipv4_sockstat_sockets_sockets_average{chart='ipv4.sockstat_sockets',dimension='used',family='sockets',instance='[fc21:a7a4:3eee:4c6a:2760:25a7:dfaa:29e1]:19999',job='netdata'}","IPv4 Sockets Used (ipv4.sockstat_sockets)","{chart='ipv4.sockstat_sockets',dimension='used',family='sockets',instance='[fc21:a7a4:3eee:4c6a:2760:25a7:dfaa:29e1]:19999',job='netdata'}","IPv4 Sockets Used (ipv4.sockstat_sockets){chart='ipv4.sockstat_sockets',dimension='used',family='sockets',instance='[fc21:a7a4:3eee:4c6a:2760:25a7:dfaa:29e1]:19999',job='netdata'}"
